/home/tiago/Repositorios/Github/SistemasLineares/Instancias/10.txt;0,112;0,008
/home/tiago/Repositorios/Github/SistemasLineares/Instancias/100.txt;5,897;4,593
/home/tiago/Repositorios/Github/SistemasLineares/Instancias/110.txt;11,373;7,313
/home/tiago/Repositorios/Github/SistemasLineares/Instancias/120.txt;8,503;8,055
/home/tiago/Repositorios/Github/SistemasLineares/Instancias/130.txt;12,815;10,009
/home/tiago/Repositorios/Github/SistemasLineares/Instancias/140.txt;11,839;12,544
/home/tiago/Repositorios/Github/SistemasLineares/Instancias/15.txt;0,178;0,02
/home/tiago/Repositorios/Github/SistemasLineares/Instancias/150.txt;13,542;15,616
/home/tiago/Repositorios/Github/SistemasLineares/Instancias/160.txt;18,832;18,489
/home/tiago/Repositorios/Github/SistemasLineares/Instancias/170.txt;17,118;22,979
/home/tiago/Repositorios/Github/SistemasLineares/Instancias/180.txt;22,85;26,221
/home/tiago/Repositorios/Github/SistemasLineares/Instancias/190.txt;28,613;33,24
/home/tiago/Repositorios/Github/SistemasLineares/Instancias/200.txt;27,815;35,804
/home/tiago/Repositorios/Github/SistemasLineares/Instancias/210.txt;29,671;41,405
/home/tiago/Repositorios/Github/SistemasLineares/Instancias/220.txt;29,38;47,591
/home/tiago/Repositorios/Github/SistemasLineares/Instancias/230.txt;31,853;54,331
/home/tiago/Repositorios/Github/SistemasLineares/Instancias/240.txt;34,609;61,754
/home/tiago/Repositorios/Github/SistemasLineares/Instancias/250.txt;41,18;69,805
/home/tiago/Repositorios/Github/SistemasLineares/Instancias/260.txt;42,9;79,072
/home/tiago/Repositorios/Github/SistemasLineares/Instancias/270.txt;42,351;88,618
/home/tiago/Repositorios/Github/SistemasLineares/Instancias/280.txt;50,215;98,312
/home/tiago/Repositorios/Github/SistemasLineares/Instancias/290.txt;48,509;108,791
/home/tiago/Repositorios/Github/SistemasLineares/Instancias/3.txt;0,069;0,003
/home/tiago/Repositorios/Github/SistemasLineares/Instancias/300.txt;51,861;120,938
/home/tiago/Repositorios/Github/SistemasLineares/Instancias/4.txt;0,055;0,003
/home/tiago/Repositorios/Github/SistemasLineares/Instancias/5.txt;0,055;0,003
/home/tiago/Repositorios/Github/SistemasLineares/Instancias/10.txt;0,175;0,013
/home/tiago/Repositorios/Github/SistemasLineares/Instancias/100.txt;6,006;4,599
/home/tiago/Repositorios/Github/SistemasLineares/Instancias/110.txt;7,188;6,121
/home/tiago/Repositorios/Github/SistemasLineares/Instancias/120.txt;8,491;7,879
/home/tiago/Repositorios/Github/SistemasLineares/Instancias/130.txt;9,866;9,962
/home/tiago/Repositorios/Github/SistemasLineares/Instancias/140.txt;14,377;12,676
/home/tiago/Repositorios/Github/SistemasLineares/Instancias/15.txt;0,182;0,02
/home/tiago/Repositorios/Github/SistemasLineares/Instancias/150.txt;13,069;15,271
/home/tiago/Repositorios/Github/SistemasLineares/Instancias/160.txt;19,978;18,744
/home/tiago/Repositorios/Github/SistemasLineares/Instancias/170.txt;16,916;22,059
/home/tiago/Repositorios/Github/SistemasLineares/Instancias/180.txt;18,726;26,288
/home/tiago/Repositorios/Github/SistemasLineares/Instancias/190.txt;22,417;30,697
/home/tiago/Repositorios/Github/SistemasLineares/Instancias/200.txt;24,39;35,841
/home/tiago/Repositorios/Github/SistemasLineares/Instancias/210.txt;29,197;41,477
/home/tiago/Repositorios/Github/SistemasLineares/Instancias/220.txt;30,611;47,518
/home/tiago/Repositorios/Github/SistemasLineares/Instancias/230.txt;32,881;54,465
/home/tiago/Repositorios/Github/SistemasLineares/Instancias/240.txt;37,073;61,858
/home/tiago/Repositorios/Github/SistemasLineares/Instancias/250.txt;37,049;69,866
/home/tiago/Repositorios/Github/SistemasLineares/Instancias/260.txt;44,06;78,755
/home/tiago/Repositorios/Github/SistemasLineares/Instancias/270.txt;46,469;88,256
/home/tiago/Repositorios/Github/SistemasLineares/Instancias/280.txt;46,601;98,768
/home/tiago/Repositorios/Github/SistemasLineares/Instancias/290.txt;48,518;110,857
/home/tiago/Repositorios/Github/SistemasLineares/Instancias/3.txt;0,048;0,002
/home/tiago/Repositorios/Github/SistemasLineares/Instancias/300.txt;51,982;121,447
/home/tiago/Repositorios/Github/SistemasLineares/Instancias/4.txt;0,05;0,002
/home/tiago/Repositorios/Github/SistemasLineares/Instancias/5.txt;0,062;0,003
/home/tiago/Repositorios/Github/SistemasLineares/Instancias/10.txt;0,108;0,007
/home/tiago/Repositorios/Github/SistemasLineares/Instancias/100.txt;6,703;6,001
/home/tiago/Repositorios/Github/SistemasLineares/Instancias/110.txt;7,432;6,126
/home/tiago/Repositorios/Github/SistemasLineares/Instancias/120.txt;8,377;7,909
/home/tiago/Repositorios/Github/SistemasLineares/Instancias/130.txt;12,487;10,69
/home/tiago/Repositorios/Github/SistemasLineares/Instancias/140.txt;12,929;12,464
/home/tiago/Repositorios/Github/SistemasLineares/Instancias/15.txt;0,185;0,019
/home/tiago/Repositorios/Github/SistemasLineares/Instancias/150.txt;13,15;15,236
/home/tiago/Repositorios/Github/SistemasLineares/Instancias/160.txt;19,889;18,413
/home/tiago/Repositorios/Github/SistemasLineares/Instancias/170.txt;18,793;22,203
/home/tiago/Repositorios/Github/SistemasLineares/Instancias/180.txt;22,656;26,127
/home/tiago/Repositorios/Github/SistemasLineares/Instancias/190.txt;22,088;30,956
/home/tiago/Repositorios/Github/SistemasLineares/Instancias/200.txt;27,225;36,048
/home/tiago/Repositorios/Github/SistemasLineares/Instancias/210.txt;29,691;41,528
/home/tiago/Repositorios/Github/SistemasLineares/Instancias/220.txt;27,916;47,627
/home/tiago/Repositorios/Github/SistemasLineares/Instancias/230.txt;34,771;54,455
/home/tiago/Repositorios/Github/SistemasLineares/Instancias/240.txt;37,547;61,829
/home/tiago/Repositorios/Github/SistemasLineares/Instancias/250.txt;36,068;69,836
/home/tiago/Repositorios/Github/SistemasLineares/Instancias/260.txt;42,782;78,907
/home/tiago/Repositorios/Github/SistemasLineares/Instancias/270.txt;45,642;87,807
/home/tiago/Repositorios/Github/SistemasLineares/Instancias/280.txt;46,777;98,117
/home/tiago/Repositorios/Github/SistemasLineares/Instancias/290.txt;52,744;109,25
/home/tiago/Repositorios/Github/SistemasLineares/Instancias/3.txt;0,061;0,003
/home/tiago/Repositorios/Github/SistemasLineares/Instancias/300.txt;53,239;120,27
/home/tiago/Repositorios/Github/SistemasLineares/Instancias/4.txt;0,051;0,003
/home/tiago/Repositorios/Github/SistemasLineares/Instancias/5.txt;0,074;0,003
/home/tiago/Repositorios/Github/SistemasLineares/Instancias/10.txt;0,101;0,007
/home/tiago/Repositorios/Github/SistemasLineares/Instancias/100.txt;6,32;6,286
/home/tiago/Repositorios/Github/SistemasLineares/Instancias/110.txt;8,641;6,181
/home/tiago/Repositorios/Github/SistemasLineares/Instancias/120.txt;10,668;8,349
/home/tiago/Repositorios/Github/SistemasLineares/Instancias/130.txt;12,999;10,323
/home/tiago/Repositorios/Github/SistemasLineares/Instancias/140.txt;13,871;12,432
/home/tiago/Repositorios/Github/SistemasLineares/Instancias/15.txt;0,185;0,02
/home/tiago/Repositorios/Github/SistemasLineares/Instancias/150.txt;14,824;15,269
/home/tiago/Repositorios/Github/SistemasLineares/Instancias/160.txt;19,943;18,437
/home/tiago/Repositorios/Github/SistemasLineares/Instancias/170.txt;18,03;22,277
/home/tiago/Repositorios/Github/SistemasLineares/Instancias/180.txt;22,216;26,339
/home/tiago/Repositorios/Github/SistemasLineares/Instancias/190.txt;24,846;30,809
/home/tiago/Repositorios/Github/SistemasLineares/Instancias/200.txt;24,985;35,85
/home/tiago/Repositorios/Github/SistemasLineares/Instancias/210.txt;26,662;41,53
/home/tiago/Repositorios/Github/SistemasLineares/Instancias/220.txt;31,822;47,857
/home/tiago/Repositorios/Github/SistemasLineares/Instancias/230.txt;33,329;54,548
/home/tiago/Repositorios/Github/SistemasLineares/Instancias/240.txt;33,219;61,686
/home/tiago/Repositorios/Github/SistemasLineares/Instancias/250.txt;41,644;69,991
/home/tiago/Repositorios/Github/SistemasLineares/Instancias/260.txt;43,268;78,677
/home/tiago/Repositorios/Github/SistemasLineares/Instancias/270.txt;45,858;87,923
/home/tiago/Repositorios/Github/SistemasLineares/Instancias/280.txt;45,154;99,579
/home/tiago/Repositorios/Github/SistemasLineares/Instancias/290.txt;51,166;108,884
/home/tiago/Repositorios/Github/SistemasLineares/Instancias/3.txt;0,04;0,002
/home/tiago/Repositorios/Github/SistemasLineares/Instancias/300.txt;57,453;120,531
/home/tiago/Repositorios/Github/SistemasLineares/Instancias/4.txt;0,049;0,002
/home/tiago/Repositorios/Github/SistemasLineares/Instancias/5.txt;0,09;0,005
/home/tiago/Repositorios/Github/SistemasLineares/Instancias/10.txt;0,109;0,008
/home/tiago/Repositorios/Github/SistemasLineares/Instancias/100.txt;8,173;5,222
/home/tiago/Repositorios/Github/SistemasLineares/Instancias/110.txt;8,453;6,134
/home/tiago/Repositorios/Github/SistemasLineares/Instancias/120.txt;12,747;7,868
/home/tiago/Repositorios/Github/SistemasLineares/Instancias/130.txt;12,42;10,663
/home/tiago/Repositorios/Github/SistemasLineares/Instancias/140.txt;14,397;13,016
/home/tiago/Repositorios/Github/SistemasLineares/Instancias/15.txt;0,24;0,026
/home/tiago/Repositorios/Github/SistemasLineares/Instancias/150.txt;13,03;15,276
/home/tiago/Repositorios/Github/SistemasLineares/Instancias/160.txt;14,899;18,555
/home/tiago/Repositorios/Github/SistemasLineares/Instancias/170.txt;19,965;22,204
/home/tiago/Repositorios/Github/SistemasLineares/Instancias/180.txt;18,801;26,524
/home/tiago/Repositorios/Github/SistemasLineares/Instancias/190.txt;21,171;31,114
/home/tiago/Repositorios/Github/SistemasLineares/Instancias/200.txt;25,321;35,919
/home/tiago/Repositorios/Github/SistemasLineares/Instancias/210.txt;27,842;41,413
/home/tiago/Repositorios/Github/SistemasLineares/Instancias/220.txt;28,577;47,893
/home/tiago/Repositorios/Github/SistemasLineares/Instancias/230.txt;31,47;54,348
/home/tiago/Repositorios/Github/SistemasLineares/Instancias/240.txt;36,084;61,878
/home/tiago/Repositorios/Github/SistemasLineares/Instancias/250.txt;40,397;70,485
/home/tiago/Repositorios/Github/SistemasLineares/Instancias/260.txt;39,032;78,76
/home/tiago/Repositorios/Github/SistemasLineares/Instancias/270.txt;42,674;88,758
/home/tiago/Repositorios/Github/SistemasLineares/Instancias/280.txt;50,154;98,312
/home/tiago/Repositorios/Github/SistemasLineares/Instancias/290.txt;48,426;108,906
/home/tiago/Repositorios/Github/SistemasLineares/Instancias/3.txt;0,043;0,002
/home/tiago/Repositorios/Github/SistemasLineares/Instancias/300.txt;53,24;120,775
/home/tiago/Repositorios/Github/SistemasLineares/Instancias/4.txt;0,054;0,002
/home/tiago/Repositorios/Github/SistemasLineares/Instancias/5.txt;0,058;0,002
/home/tiago/Repositorios/Github/SistemasLineares/Instancias/10.txt;0,142;0,011
/home/tiago/Repositorios/Github/SistemasLineares/Instancias/100.txt;7,924;5,639
/home/tiago/Repositorios/Github/SistemasLineares/Instancias/110.txt;9,46;6,484
/home/tiago/Repositorios/Github/SistemasLineares/Instancias/120.txt;12,334;7,868
/home/tiago/Repositorios/Github/SistemasLineares/Instancias/130.txt;9,851;10,003
/home/tiago/Repositorios/Github/SistemasLineares/Instancias/140.txt;11,372;12,417
/home/tiago/Repositorios/Github/SistemasLineares/Instancias/15.txt;0,188;0,023
/home/tiago/Repositorios/Github/SistemasLineares/Instancias/150.txt;15,146;15,244
/home/tiago/Repositorios/Github/SistemasLineares/Instancias/160.txt;18,323;18,44
/home/tiago/Repositorios/Github/SistemasLineares/Instancias/170.txt;16,886;22,191
/home/tiago/Repositorios/Github/SistemasLineares/Instancias/180.txt;22,965;26,169
/home/tiago/Repositorios/Github/SistemasLineares/Instancias/190.txt;25,232;30,965
/home/tiago/Repositorios/Github/SistemasLineares/Instancias/200.txt;27,79;35,768
/home/tiago/Repositorios/Github/SistemasLineares/Instancias/210.txt;25,718;41,625
/home/tiago/Repositorios/Github/SistemasLineares/Instancias/220.txt;27,907;47,978
/home/tiago/Repositorios/Github/SistemasLineares/Instancias/230.txt;34,786;54,34
/home/tiago/Repositorios/Github/SistemasLineares/Instancias/240.txt;37,837;61,805
/home/tiago/Repositorios/Github/SistemasLineares/Instancias/250.txt;36,089;70,102
/home/tiago/Repositorios/Github/SistemasLineares/Instancias/260.txt;39,042;78,912
/home/tiago/Repositorios/Github/SistemasLineares/Instancias/270.txt;42,49;88,668
/home/tiago/Repositorios/Github/SistemasLineares/Instancias/280.txt;51,488;98,661
/home/tiago/Repositorios/Github/SistemasLineares/Instancias/290.txt;48,47;109,18
/home/tiago/Repositorios/Github/SistemasLineares/Instancias/3.txt;0,048;0,002
/home/tiago/Repositorios/Github/SistemasLineares/Instancias/300.txt;53,249;121,063
/home/tiago/Repositorios/Github/SistemasLineares/Instancias/4.txt;0,067;0,004
/home/tiago/Repositorios/Github/SistemasLineares/Instancias/5.txt;0,066;0,002
/home/tiago/Repositorios/Github/SistemasLineares/Instancias/10.txt;0,109;0,008
/home/tiago/Repositorios/Github/SistemasLineares/Instancias/100.txt;7,103;5,578
/home/tiago/Repositorios/Github/SistemasLineares/Instancias/110.txt;7,082;6,103
/home/tiago/Repositorios/Github/SistemasLineares/Instancias/120.txt;9,691;7,875
/home/tiago/Repositorios/Github/SistemasLineares/Instancias/130.txt;13,237;10,815
/home/tiago/Repositorios/Github/SistemasLineares/Instancias/140.txt;11,38;12,427
/home/tiago/Repositorios/Github/SistemasLineares/Instancias/15.txt;0,182;0,02
/home/tiago/Repositorios/Github/SistemasLineares/Instancias/150.txt;14,319;15,228
/home/tiago/Repositorios/Github/SistemasLineares/Instancias/160.txt;16,568;18,457
/home/tiago/Repositorios/Github/SistemasLineares/Instancias/170.txt;21,128;22,071
/home/tiago/Repositorios/Github/SistemasLineares/Instancias/180.txt;22,597;26,407
/home/tiago/Repositorios/Github/SistemasLineares/Instancias/190.txt;22,1;30,814
/home/tiago/Repositorios/Github/SistemasLineares/Instancias/200.txt;24,566;35,814
/home/tiago/Repositorios/Github/SistemasLineares/Instancias/210.txt;25,505;41,505
/home/tiago/Repositorios/Github/SistemasLineares/Instancias/220.txt;29,589;47,88
/home/tiago/Repositorios/Github/SistemasLineares/Instancias/230.txt;35,992;54,605
/home/tiago/Repositorios/Github/SistemasLineares/Instancias/240.txt;33,201;62,148
/home/tiago/Repositorios/Github/SistemasLineares/Instancias/250.txt;36,505;69,9
/home/tiago/Repositorios/Github/SistemasLineares/Instancias/260.txt;40,866;78,547
/home/tiago/Repositorios/Github/SistemasLineares/Instancias/270.txt;45,666;90,478
/home/tiago/Repositorios/Github/SistemasLineares/Instancias/280.txt;50,447;98,586
/home/tiago/Repositorios/Github/SistemasLineares/Instancias/290.txt;54,185;109,374
/home/tiago/Repositorios/Github/SistemasLineares/Instancias/3.txt;0,053;0,002
/home/tiago/Repositorios/Github/SistemasLineares/Instancias/300.txt;54,074;120,869
/home/tiago/Repositorios/Github/SistemasLineares/Instancias/4.txt;0,059;0,003
/home/tiago/Repositorios/Github/SistemasLineares/Instancias/5.txt;0,061;0,003
/home/tiago/Repositorios/Github/SistemasLineares/Instancias/10.txt;0,109;0,007
/home/tiago/Repositorios/Github/SistemasLineares/Instancias/100.txt;8,232;4,863
/home/tiago/Repositorios/Github/SistemasLineares/Instancias/110.txt;8,543;6,136
/home/tiago/Repositorios/Github/SistemasLineares/Instancias/120.txt;9,707;7,88
/home/tiago/Repositorios/Github/SistemasLineares/Instancias/130.txt;13,266;10,859
/home/tiago/Repositorios/Github/SistemasLineares/Instancias/140.txt;11,388;12,437
/home/tiago/Repositorios/Github/SistemasLineares/Instancias/15.txt;0,179;0,02
/home/tiago/Repositorios/Github/SistemasLineares/Instancias/150.txt;16,685;15,238
/home/tiago/Repositorios/Github/SistemasLineares/Instancias/160.txt;20,277;18,423
/home/tiago/Repositorios/Github/SistemasLineares/Instancias/170.txt;20,343;22,159
/home/tiago/Repositorios/Github/SistemasLineares/Instancias/180.txt;22,078;26,29
/home/tiago/Repositorios/Github/SistemasLineares/Instancias/190.txt;25,403;30,796
/home/tiago/Repositorios/Github/SistemasLineares/Instancias/200.txt;25,656;35,807
/home/tiago/Repositorios/Github/SistemasLineares/Instancias/210.txt;28,81;41,53
/home/tiago/Repositorios/Github/SistemasLineares/Instancias/220.txt;33,402;47,641
/home/tiago/Repositorios/Github/SistemasLineares/Instancias/230.txt;31,454;54,375
/home/tiago/Repositorios/Github/SistemasLineares/Instancias/240.txt;37,614;61,842
/home/tiago/Repositorios/Github/SistemasLineares/Instancias/250.txt;40,236;70,032
/home/tiago/Repositorios/Github/SistemasLineares/Instancias/260.txt;40,967;78,728
/home/tiago/Repositorios/Github/SistemasLineares/Instancias/270.txt;42,366;88,04
/home/tiago/Repositorios/Github/SistemasLineares/Instancias/280.txt;48,358;99,55
/home/tiago/Repositorios/Github/SistemasLineares/Instancias/290.txt;48,969;109,048
/home/tiago/Repositorios/Github/SistemasLineares/Instancias/3.txt;0,057;0,002
/home/tiago/Repositorios/Github/SistemasLineares/Instancias/300.txt;54,645;122,473
/home/tiago/Repositorios/Github/SistemasLineares/Instancias/4.txt;0,056;0,003
/home/tiago/Repositorios/Github/SistemasLineares/Instancias/5.txt;0,061;0,003
/home/tiago/Repositorios/Github/SistemasLineares/Instancias/10.txt;0,102;0,008
/home/tiago/Repositorios/Github/SistemasLineares/Instancias/100.txt;8,052;6,031
/home/tiago/Repositorios/Github/SistemasLineares/Instancias/110.txt;7,08;6,072
/home/tiago/Repositorios/Github/SistemasLineares/Instancias/120.txt;10,07;7,911
/home/tiago/Repositorios/Github/SistemasLineares/Instancias/130.txt;11,241;10,006
/home/tiago/Repositorios/Github/SistemasLineares/Instancias/140.txt;11,522;12,432
/home/tiago/Repositorios/Github/SistemasLineares/Instancias/15.txt;0,2;0,022
/home/tiago/Repositorios/Github/SistemasLineares/Instancias/150.txt;18,426;15,196
/home/tiago/Repositorios/Github/SistemasLineares/Instancias/160.txt;15,135;18,541
/home/tiago/Repositorios/Github/SistemasLineares/Instancias/170.txt;17,018;22,345
/home/tiago/Repositorios/Github/SistemasLineares/Instancias/180.txt;18,849;26,197
/home/tiago/Repositorios/Github/SistemasLineares/Instancias/190.txt;26,757;32,331
/home/tiago/Repositorios/Github/SistemasLineares/Instancias/200.txt;27,417;35,812
/home/tiago/Repositorios/Github/SistemasLineares/Instancias/210.txt;33,049;41,461
/home/tiago/Repositorios/Github/SistemasLineares/Instancias/220.txt;32,338;47,526
/home/tiago/Repositorios/Github/SistemasLineares/Instancias/230.txt;34,966;54,39
/home/tiago/Repositorios/Github/SistemasLineares/Instancias/240.txt;38,948;61,842
/home/tiago/Repositorios/Github/SistemasLineares/Instancias/250.txt;38,271;69,889
/home/tiago/Repositorios/Github/SistemasLineares/Instancias/260.txt;38,993;79,345
/home/tiago/Repositorios/Github/SistemasLineares/Instancias/270.txt;42,136;88,754
/home/tiago/Repositorios/Github/SistemasLineares/Instancias/280.txt;45,29;98,002
/home/tiago/Repositorios/Github/SistemasLineares/Instancias/290.txt;50,78;108,835
/home/tiago/Repositorios/Github/SistemasLineares/Instancias/3.txt;0,045;0,002
/home/tiago/Repositorios/Github/SistemasLineares/Instancias/300.txt;57,924;120,509
/home/tiago/Repositorios/Github/SistemasLineares/Instancias/4.txt;0,048;0,002
/home/tiago/Repositorios/Github/SistemasLineares/Instancias/5.txt;0,057;0,003
/home/tiago/Repositorios/Github/SistemasLineares/Instancias/10.txt;0,133;0,007
/home/tiago/Repositorios/Github/SistemasLineares/Instancias/100.txt;8,547;5,188
/home/tiago/Repositorios/Github/SistemasLineares/Instancias/110.txt;10,014;7,933
/home/tiago/Repositorios/Github/SistemasLineares/Instancias/120.txt;10,359;8,54
/home/tiago/Repositorios/Github/SistemasLineares/Instancias/130.txt;14,307;9,947
/home/tiago/Repositorios/Github/SistemasLineares/Instancias/140.txt;14,226;12,965
/home/tiago/Repositorios/Github/SistemasLineares/Instancias/15.txt;0,209;0,02
/home/tiago/Repositorios/Github/SistemasLineares/Instancias/150.txt;17,707;15,219
/home/tiago/Repositorios/Github/SistemasLineares/Instancias/160.txt;14,859;18,465
/home/tiago/Repositorios/Github/SistemasLineares/Instancias/170.txt;18,934;22,115
/home/tiago/Repositorios/Github/SistemasLineares/Instancias/180.txt;18,773;26,183
/home/tiago/Repositorios/Github/SistemasLineares/Instancias/190.txt;20,857;30,732
/home/tiago/Repositorios/Github/SistemasLineares/Instancias/200.txt;23,185;35,955
/home/tiago/Repositorios/Github/SistemasLineares/Instancias/210.txt;27,71;41,363
/home/tiago/Repositorios/Github/SistemasLineares/Instancias/220.txt;32,663;47,968
/home/tiago/Repositorios/Github/SistemasLineares/Instancias/230.txt;31,708;56,662
/home/tiago/Repositorios/Github/SistemasLineares/Instancias/240.txt;36,937;61,675
/home/tiago/Repositorios/Github/SistemasLineares/Instancias/250.txt;39,973;70,008
/home/tiago/Repositorios/Github/SistemasLineares/Instancias/260.txt;44,567;78,401
/home/tiago/Repositorios/Github/SistemasLineares/Instancias/270.txt;42,925;87,775
/home/tiago/Repositorios/Github/SistemasLineares/Instancias/280.txt;57,079;98,182
/home/tiago/Repositorios/Github/SistemasLineares/Instancias/290.txt;50,222;108,868
/home/tiago/Repositorios/Github/SistemasLineares/Instancias/3.txt;0,068;0,004
/home/tiago/Repositorios/Github/SistemasLineares/Instancias/300.txt;54,75;121,326
/home/tiago/Repositorios/Github/SistemasLineares/Instancias/4.txt;0,052;0,003
/home/tiago/Repositorios/Github/SistemasLineares/Instancias/5.txt;0,057;0,003
/home/tiago/Repositorios/Github/SistemasLineares/Instancias/10.txt;0,105;0,009
/home/tiago/Repositorios/Github/SistemasLineares/Instancias/100.txt;7,33;4,58
/home/tiago/Repositorios/Github/SistemasLineares/Instancias/110.txt;9,305;6,909
/home/tiago/Repositorios/Github/SistemasLineares/Instancias/120.txt;8,401;8,357
/home/tiago/Repositorios/Github/SistemasLineares/Instancias/130.txt;11,154;9,977
/home/tiago/Repositorios/Github/SistemasLineares/Instancias/140.txt;15,83;12,398
/home/tiago/Repositorios/Github/SistemasLineares/Instancias/15.txt;0,179;0,02
/home/tiago/Repositorios/Github/SistemasLineares/Instancias/150.txt;16,074;15,476
/home/tiago/Repositorios/Github/SistemasLineares/Instancias/160.txt;16,926;18,466
/home/tiago/Repositorios/Github/SistemasLineares/Instancias/170.txt;20,562;22,06
/home/tiago/Repositorios/Github/SistemasLineares/Instancias/180.txt;22,814;26,147
/home/tiago/Repositorios/Github/SistemasLineares/Instancias/190.txt;24,668;30,698
/home/tiago/Repositorios/Github/SistemasLineares/Instancias/200.txt;28,432;35,783
/home/tiago/Repositorios/Github/SistemasLineares/Instancias/210.txt;27,365;41,492
/home/tiago/Repositorios/Github/SistemasLineares/Instancias/220.txt;29,4;47,574
/home/tiago/Repositorios/Github/SistemasLineares/Instancias/230.txt;35,077;55,276
/home/tiago/Repositorios/Github/SistemasLineares/Instancias/240.txt;33,215;61,958
/home/tiago/Repositorios/Github/SistemasLineares/Instancias/250.txt;41,319;69,852
/home/tiago/Repositorios/Github/SistemasLineares/Instancias/260.txt;39,612;78,915
/home/tiago/Repositorios/Github/SistemasLineares/Instancias/270.txt;42,015;88,149
/home/tiago/Repositorios/Github/SistemasLineares/Instancias/280.txt;49,788;98,015
/home/tiago/Repositorios/Github/SistemasLineares/Instancias/290.txt;50,43;108,615
/home/tiago/Repositorios/Github/SistemasLineares/Instancias/3.txt;0,04;0,002
/home/tiago/Repositorios/Github/SistemasLineares/Instancias/300.txt;53,597;125,185
/home/tiago/Repositorios/Github/SistemasLineares/Instancias/4.txt;0,049;0,002
/home/tiago/Repositorios/Github/SistemasLineares/Instancias/5.txt;0,057;0,003
/home/tiago/Repositorios/Github/SistemasLineares/Instancias/10.txt;0,102;0,008
/home/tiago/Repositorios/Github/SistemasLineares/Instancias/100.txt;5,996;4,734
/home/tiago/Repositorios/Github/SistemasLineares/Instancias/110.txt;7,056;6,079
/home/tiago/Repositorios/Github/SistemasLineares/Instancias/120.txt;8,671;7,873
/home/tiago/Repositorios/Github/SistemasLineares/Instancias/130.txt;9,844;10,316
/home/tiago/Repositorios/Github/SistemasLineares/Instancias/140.txt;11,493;12,425
/home/tiago/Repositorios/Github/SistemasLineares/Instancias/15.txt;0,213;0,024
/home/tiago/Repositorios/Github/SistemasLineares/Instancias/150.txt;16,205;15,609
/home/tiago/Repositorios/Github/SistemasLineares/Instancias/160.txt;18,524;18,436
/home/tiago/Repositorios/Github/SistemasLineares/Instancias/170.txt;21,096;22,091
/home/tiago/Repositorios/Github/SistemasLineares/Instancias/180.txt;24,47;27,315
/home/tiago/Repositorios/Github/SistemasLineares/Instancias/190.txt;20,865;30,973
/home/tiago/Repositorios/Github/SistemasLineares/Instancias/200.txt;26,423;35,894
/home/tiago/Repositorios/Github/SistemasLineares/Instancias/210.txt;27,152;41,395
/home/tiago/Repositorios/Github/SistemasLineares/Instancias/220.txt;29,891;47,593
/home/tiago/Repositorios/Github/SistemasLineares/Instancias/230.txt;34,88;54,384
/home/tiago/Repositorios/Github/SistemasLineares/Instancias/240.txt;36,985;62,289
/home/tiago/Repositorios/Github/SistemasLineares/Instancias/250.txt;36,047;70,086
/home/tiago/Repositorios/Github/SistemasLineares/Instancias/260.txt;38,985;78,623
/home/tiago/Repositorios/Github/SistemasLineares/Instancias/270.txt;41,996;88,381
/home/tiago/Repositorios/Github/SistemasLineares/Instancias/280.txt;46,266;97,914
/home/tiago/Repositorios/Github/SistemasLineares/Instancias/290.txt;54,223;109,38
/home/tiago/Repositorios/Github/SistemasLineares/Instancias/3.txt;0,044;0,002
/home/tiago/Repositorios/Github/SistemasLineares/Instancias/300.txt;56,095;122,999
/home/tiago/Repositorios/Github/SistemasLineares/Instancias/4.txt;0,048;0,003
/home/tiago/Repositorios/Github/SistemasLineares/Instancias/5.txt;0,065;0,004
/home/tiago/Repositorios/Github/SistemasLineares/Instancias/10.txt;0,106;0,008
/home/tiago/Repositorios/Github/SistemasLineares/Instancias/100.txt;7,986;4,873
/home/tiago/Repositorios/Github/SistemasLineares/Instancias/110.txt;9,302;7,366
/home/tiago/Repositorios/Github/SistemasLineares/Instancias/120.txt;8,379;8,042
/home/tiago/Repositorios/Github/SistemasLineares/Instancias/130.txt;10,51;10,115
/home/tiago/Repositorios/Github/SistemasLineares/Instancias/140.txt;15,741;12,408
/home/tiago/Repositorios/Github/SistemasLineares/Instancias/15.txt;0,176;0,02
/home/tiago/Repositorios/Github/SistemasLineares/Instancias/150.txt;15,05;15,245
/home/tiago/Repositorios/Github/SistemasLineares/Instancias/160.txt;14,887;18,587
/home/tiago/Repositorios/Github/SistemasLineares/Instancias/170.txt;16,753;22,107
/home/tiago/Repositorios/Github/SistemasLineares/Instancias/180.txt;19,069;26,199
/home/tiago/Repositorios/Github/SistemasLineares/Instancias/190.txt;22,347;30,686
/home/tiago/Repositorios/Github/SistemasLineares/Instancias/200.txt;23,139;35,931
/home/tiago/Repositorios/Github/SistemasLineares/Instancias/210.txt;29,026;41,496
/home/tiago/Repositorios/Github/SistemasLineares/Instancias/220.txt;29,012;47,572
/home/tiago/Repositorios/Github/SistemasLineares/Instancias/230.txt;34,16;54,448
/home/tiago/Repositorios/Github/SistemasLineares/Instancias/240.txt;37,186;62,014
/home/tiago/Repositorios/Github/SistemasLineares/Instancias/250.txt;40,566;69,821
/home/tiago/Repositorios/Github/SistemasLineares/Instancias/260.txt;43,481;78,399
/home/tiago/Repositorios/Github/SistemasLineares/Instancias/270.txt;42,443;87,878
/home/tiago/Repositorios/Github/SistemasLineares/Instancias/280.txt;47,394;97,792
/home/tiago/Repositorios/Github/SistemasLineares/Instancias/290.txt;50,128;108,709
/home/tiago/Repositorios/Github/SistemasLineares/Instancias/3.txt;0,041;0,003
/home/tiago/Repositorios/Github/SistemasLineares/Instancias/300.txt;52,311;120,806
/home/tiago/Repositorios/Github/SistemasLineares/Instancias/4.txt;0,056;0,003
/home/tiago/Repositorios/Github/SistemasLineares/Instancias/5.txt;0,058;0,003
/home/tiago/Repositorios/Github/SistemasLineares/Instancias/10.txt;0,123;0,009
/home/tiago/Repositorios/Github/SistemasLineares/Instancias/100.txt;7,463;4,593
/home/tiago/Repositorios/Github/SistemasLineares/Instancias/110.txt;10,615;7,786
/home/tiago/Repositorios/Github/SistemasLineares/Instancias/120.txt;8,512;8,012
/home/tiago/Repositorios/Github/SistemasLineares/Instancias/130.txt;9,84;10,014
/home/tiago/Repositorios/Github/SistemasLineares/Instancias/140.txt;11,371;12,438
/home/tiago/Repositorios/Github/SistemasLineares/Instancias/15.txt;0,179;0,021
/home/tiago/Repositorios/Github/SistemasLineares/Instancias/150.txt;15,454;15,304
/home/tiago/Repositorios/Github/SistemasLineares/Instancias/160.txt;14,812;18,493
/home/tiago/Repositorios/Github/SistemasLineares/Instancias/170.txt;20,651;22,111
/home/tiago/Repositorios/Github/SistemasLineares/Instancias/180.txt;20,742;26,175
/home/tiago/Repositorios/Github/SistemasLineares/Instancias/190.txt;23,961;30,745
/home/tiago/Repositorios/Github/SistemasLineares/Instancias/200.txt;27,029;35,768
/home/tiago/Repositorios/Github/SistemasLineares/Instancias/210.txt;31,779;41,405
/home/tiago/Repositorios/Github/SistemasLineares/Instancias/220.txt;29,19;47,608
/home/tiago/Repositorios/Github/SistemasLineares/Instancias/230.txt;34,514;54,743
/home/tiago/Repositorios/Github/SistemasLineares/Instancias/240.txt;33,342;61,956
/home/tiago/Repositorios/Github/SistemasLineares/Instancias/250.txt;39,981;69,907
/home/tiago/Repositorios/Github/SistemasLineares/Instancias/260.txt;40,183;78,606
/home/tiago/Repositorios/Github/SistemasLineares/Instancias/270.txt;44,806;87,983
/home/tiago/Repositorios/Github/SistemasLineares/Instancias/280.txt;49,387;98,013
/home/tiago/Repositorios/Github/SistemasLineares/Instancias/290.txt;50,602;108,528
/home/tiago/Repositorios/Github/SistemasLineares/Instancias/3.txt;0,042;0,002
/home/tiago/Repositorios/Github/SistemasLineares/Instancias/300.txt;53,764;120,646
/home/tiago/Repositorios/Github/SistemasLineares/Instancias/4.txt;0,054;0,002
/home/tiago/Repositorios/Github/SistemasLineares/Instancias/5.txt;0,076;0,004
/home/tiago/Repositorios/Github/SistemasLineares/Instancias/10.txt;0,108;0,007
/home/tiago/Repositorios/Github/SistemasLineares/Instancias/100.txt;5,865;4,575
/home/tiago/Repositorios/Github/SistemasLineares/Instancias/110.txt;10,12;6,087
/home/tiago/Repositorios/Github/SistemasLineares/Instancias/120.txt;10,559;8,621
/home/tiago/Repositorios/Github/SistemasLineares/Instancias/130.txt;12,53;10,717
/home/tiago/Repositorios/Github/SistemasLineares/Instancias/140.txt;11,373;12,437
/home/tiago/Repositorios/Github/SistemasLineares/Instancias/15.txt;0,188;0,02
/home/tiago/Repositorios/Github/SistemasLineares/Instancias/150.txt;16,868;15,237
/home/tiago/Repositorios/Github/SistemasLineares/Instancias/160.txt;18,457;18,485
/home/tiago/Repositorios/Github/SistemasLineares/Instancias/170.txt;21,049;22,269
/home/tiago/Repositorios/Github/SistemasLineares/Instancias/180.txt;22,515;26,27
/home/tiago/Repositorios/Github/SistemasLineares/Instancias/190.txt;20,923;30,792
/home/tiago/Repositorios/Github/SistemasLineares/Instancias/200.txt;23,181;35,782
/home/tiago/Repositorios/Github/SistemasLineares/Instancias/210.txt;29,172;41,455
/home/tiago/Repositorios/Github/SistemasLineares/Instancias/220.txt;31,813;47,515
/home/tiago/Repositorios/Github/SistemasLineares/Instancias/230.txt;34,525;54,639
/home/tiago/Repositorios/Github/SistemasLineares/Instancias/240.txt;35,881;61,749
/home/tiago/Repositorios/Github/SistemasLineares/Instancias/250.txt;40,675;69,925
/home/tiago/Repositorios/Github/SistemasLineares/Instancias/260.txt;39,094;78,556
/home/tiago/Repositorios/Github/SistemasLineares/Instancias/270.txt;43,821;88,039
/home/tiago/Repositorios/Github/SistemasLineares/Instancias/280.txt;45,385;98,214
/home/tiago/Repositorios/Github/SistemasLineares/Instancias/290.txt;53,422;115,176
/home/tiago/Repositorios/Github/SistemasLineares/Instancias/3.txt;0,045;0,002
/home/tiago/Repositorios/Github/SistemasLineares/Instancias/300.txt;55,734;120,396
/home/tiago/Repositorios/Github/SistemasLineares/Instancias/4.txt;0,049;0,003
/home/tiago/Repositorios/Github/SistemasLineares/Instancias/5.txt;0,061;0,003
/home/tiago/Repositorios/Github/SistemasLineares/Instancias/10.txt;0,108;0,008
/home/tiago/Repositorios/Github/SistemasLineares/Instancias/100.txt;8,746;6,093
/home/tiago/Repositorios/Github/SistemasLineares/Instancias/110.txt;8,377;6,096
/home/tiago/Repositorios/Github/SistemasLineares/Instancias/120.txt;11,001;9,039
/home/tiago/Repositorios/Github/SistemasLineares/Instancias/130.txt;9,839;10,008
/home/tiago/Repositorios/Github/SistemasLineares/Instancias/140.txt;11,411;12,408
/home/tiago/Repositorios/Github/SistemasLineares/Instancias/15.txt;0,253;0,031
/home/tiago/Repositorios/Github/SistemasLineares/Instancias/150.txt;17,421;15,212
/home/tiago/Repositorios/Github/SistemasLineares/Instancias/160.txt;14,834;18,546
/home/tiago/Repositorios/Github/SistemasLineares/Instancias/170.txt;18,179;22,099
/home/tiago/Repositorios/Github/SistemasLineares/Instancias/180.txt;24,232;26,155
/home/tiago/Repositorios/Github/SistemasLineares/Instancias/190.txt;22,94;31,664
/home/tiago/Repositorios/Github/SistemasLineares/Instancias/200.txt;23,395;35,827
/home/tiago/Repositorios/Github/SistemasLineares/Instancias/210.txt;30,353;43,408
/home/tiago/Repositorios/Github/SistemasLineares/Instancias/220.txt;29,338;47,874
/home/tiago/Repositorios/Github/SistemasLineares/Instancias/230.txt;33,613;59,518
/home/tiago/Repositorios/Github/SistemasLineares/Instancias/240.txt;37,865;61,849
/home/tiago/Repositorios/Github/SistemasLineares/Instancias/250.txt;41,096;69,9
/home/tiago/Repositorios/Github/SistemasLineares/Instancias/260.txt;42,88;78,49
/home/tiago/Repositorios/Github/SistemasLineares/Instancias/270.txt;42,163;88,16
/home/tiago/Repositorios/Github/SistemasLineares/Instancias/280.txt;48,91;97,926
/home/tiago/Repositorios/Github/SistemasLineares/Instancias/290.txt;48,462;111,541
/home/tiago/Repositorios/Github/SistemasLineares/Instancias/3.txt;0,045;0,002
/home/tiago/Repositorios/Github/SistemasLineares/Instancias/300.txt;57,316;120,256
/home/tiago/Repositorios/Github/SistemasLineares/Instancias/4.txt;0,051;0,003
/home/tiago/Repositorios/Github/SistemasLineares/Instancias/5.txt;0,063;0,003
/home/tiago/Repositorios/Github/SistemasLineares/Instancias/10.txt;0,152;0,011
/home/tiago/Repositorios/Github/SistemasLineares/Instancias/100.txt;8,435;5,578
/home/tiago/Repositorios/Github/SistemasLineares/Instancias/110.txt;9,343;6,911
/home/tiago/Repositorios/Github/SistemasLineares/Instancias/120.txt;8,485;8,526
/home/tiago/Repositorios/Github/SistemasLineares/Instancias/130.txt;9,835;10,005
/home/tiago/Repositorios/Github/SistemasLineares/Instancias/140.txt;14,694;12,999
/home/tiago/Repositorios/Github/SistemasLineares/Instancias/15.txt;0,185;0,019
/home/tiago/Repositorios/Github/SistemasLineares/Instancias/150.txt;16,492;15,222
/home/tiago/Repositorios/Github/SistemasLineares/Instancias/160.txt;19,859;18,484
/home/tiago/Repositorios/Github/SistemasLineares/Instancias/170.txt;20,751;22,076
/home/tiago/Repositorios/Github/SistemasLineares/Instancias/180.txt;18,745;26,228
/home/tiago/Repositorios/Github/SistemasLineares/Instancias/190.txt;20,89;30,78
/home/tiago/Repositorios/Github/SistemasLineares/Instancias/200.txt;23,461;35,763
/home/tiago/Repositorios/Github/SistemasLineares/Instancias/210.txt;27,655;41,382
/home/tiago/Repositorios/Github/SistemasLineares/Instancias/220.txt;32,364;47,589
/home/tiago/Repositorios/Github/SistemasLineares/Instancias/230.txt;32,763;54,651
/home/tiago/Repositorios/Github/SistemasLineares/Instancias/240.txt;33,338;61,82
/home/tiago/Repositorios/Github/SistemasLineares/Instancias/250.txt;36,05;69,943
/home/tiago/Repositorios/Github/SistemasLineares/Instancias/260.txt;40,365;78,796
/home/tiago/Repositorios/Github/SistemasLineares/Instancias/270.txt;42,052;87,895
/home/tiago/Repositorios/Github/SistemasLineares/Instancias/280.txt;49,417;97,944
/home/tiago/Repositorios/Github/SistemasLineares/Instancias/290.txt;52,394;108,885
/home/tiago/Repositorios/Github/SistemasLineares/Instancias/3.txt;0,045;0,002
/home/tiago/Repositorios/Github/SistemasLineares/Instancias/300.txt;57,157;120,515
/home/tiago/Repositorios/Github/SistemasLineares/Instancias/4.txt;0,05;0,003
/home/tiago/Repositorios/Github/SistemasLineares/Instancias/5.txt;0,087;0,004
/home/tiago/Repositorios/Github/SistemasLineares/Instancias/10.txt;0,105;0,008
/home/tiago/Repositorios/Github/SistemasLineares/Instancias/100.txt;7,859;4,619
/home/tiago/Repositorios/Github/SistemasLineares/Instancias/110.txt;7,057;6,068
/home/tiago/Repositorios/Github/SistemasLineares/Instancias/120.txt;11,002;8,895
/home/tiago/Repositorios/Github/SistemasLineares/Instancias/130.txt;13,239;10,793
/home/tiago/Repositorios/Github/SistemasLineares/Instancias/140.txt;11,398;12,41
/home/tiago/Repositorios/Github/SistemasLineares/Instancias/15.txt;0,182;0,02
/home/tiago/Repositorios/Github/SistemasLineares/Instancias/150.txt;16,842;15,606
/home/tiago/Repositorios/Github/SistemasLineares/Instancias/160.txt;14,851;18,565
/home/tiago/Repositorios/Github/SistemasLineares/Instancias/170.txt;18,206;22,094
/home/tiago/Repositorios/Github/SistemasLineares/Instancias/180.txt;21,839;26,211
/home/tiago/Repositorios/Github/SistemasLineares/Instancias/190.txt;21,179;30,929
/home/tiago/Repositorios/Github/SistemasLineares/Instancias/200.txt;23,148;35,93
/home/tiago/Repositorios/Github/SistemasLineares/Instancias/210.txt;25,819;41,546
/home/tiago/Repositorios/Github/SistemasLineares/Instancias/220.txt;27,963;47,646
/home/tiago/Repositorios/Github/SistemasLineares/Instancias/230.txt;30,999;54,263
/home/tiago/Repositorios/Github/SistemasLineares/Instancias/240.txt;33,245;61,618
/home/tiago/Repositorios/Github/SistemasLineares/Instancias/250.txt;39,757;69,831
/home/tiago/Repositorios/Github/SistemasLineares/Instancias/260.txt;39,953;78,461
/home/tiago/Repositorios/Github/SistemasLineares/Instancias/270.txt;43,715;88,144
/home/tiago/Repositorios/Github/SistemasLineares/Instancias/280.txt;48,329;97,79
/home/tiago/Repositorios/Github/SistemasLineares/Instancias/290.txt;51,436;108,789
/home/tiago/Repositorios/Github/SistemasLineares/Instancias/3.txt;0,045;0,002
/home/tiago/Repositorios/Github/SistemasLineares/Instancias/300.txt;51,833;120,339
/home/tiago/Repositorios/Github/SistemasLineares/Instancias/4.txt;0,055;0,003
/home/tiago/Repositorios/Github/SistemasLineares/Instancias/5.txt;0,057;0,003
/home/tiago/Repositorios/Github/SistemasLineares/Instancias/10.txt;0,104;0,008
/home/tiago/Repositorios/Github/SistemasLineares/Instancias/100.txt;9,03;5,233
/home/tiago/Repositorios/Github/SistemasLineares/Instancias/110.txt;9,494;6,876
/home/tiago/Repositorios/Github/SistemasLineares/Instancias/120.txt;8,732;7,937
/home/tiago/Repositorios/Github/SistemasLineares/Instancias/130.txt;9,837;9,985
/home/tiago/Repositorios/Github/SistemasLineares/Instancias/140.txt;11,369;12,454
/home/tiago/Repositorios/Github/SistemasLineares/Instancias/15.txt;0,187;0,021
/home/tiago/Repositorios/Github/SistemasLineares/Instancias/150.txt;13,113;15,232
/home/tiago/Repositorios/Github/SistemasLineares/Instancias/160.txt;15,013;18,456
/home/tiago/Repositorios/Github/SistemasLineares/Instancias/170.txt;21,827;22,117
/home/tiago/Repositorios/Github/SistemasLineares/Instancias/180.txt;21,732;26,332
/home/tiago/Repositorios/Github/SistemasLineares/Instancias/190.txt;20,947;30,757
/home/tiago/Repositorios/Github/SistemasLineares/Instancias/200.txt;23,282;35,87
/home/tiago/Repositorios/Github/SistemasLineares/Instancias/210.txt;25,474;41,489
/home/tiago/Repositorios/Github/SistemasLineares/Instancias/220.txt;30,362;47,589
/home/tiago/Repositorios/Github/SistemasLineares/Instancias/230.txt;30,663;54,641
/home/tiago/Repositorios/Github/SistemasLineares/Instancias/240.txt;33,348;61,971
/home/tiago/Repositorios/Github/SistemasLineares/Instancias/250.txt;40,37;69,912
/home/tiago/Repositorios/Github/SistemasLineares/Instancias/260.txt;44,586;78,641
/home/tiago/Repositorios/Github/SistemasLineares/Instancias/270.txt;43,371;89,334
/home/tiago/Repositorios/Github/SistemasLineares/Instancias/280.txt;49,876;98,177
/home/tiago/Repositorios/Github/SistemasLineares/Instancias/290.txt;52,132;108,854
/home/tiago/Repositorios/Github/SistemasLineares/Instancias/3.txt;0,052;0,002
/home/tiago/Repositorios/Github/SistemasLineares/Instancias/300.txt;52,195;120,375
/home/tiago/Repositorios/Github/SistemasLineares/Instancias/4.txt;0,049;0,002
/home/tiago/Repositorios/Github/SistemasLineares/Instancias/5.txt;0,055;0,003
/home/tiago/Repositorios/Github/SistemasLineares/Instancias/10.txt;0,105;0,007
/home/tiago/Repositorios/Github/SistemasLineares/Instancias/100.txt;8,048;6,037
/home/tiago/Repositorios/Github/SistemasLineares/Instancias/110.txt;9,58;7,327
/home/tiago/Repositorios/Github/SistemasLineares/Instancias/120.txt;9,617;7,894
/home/tiago/Repositorios/Github/SistemasLineares/Instancias/130.txt;12,97;10,39
/home/tiago/Repositorios/Github/SistemasLineares/Instancias/140.txt;14,041;12,777
/home/tiago/Repositorios/Github/SistemasLineares/Instancias/15.txt;0,185;0,02
/home/tiago/Repositorios/Github/SistemasLineares/Instancias/150.txt;16,194;15,637
/home/tiago/Repositorios/Github/SistemasLineares/Instancias/160.txt;19,304;18,485
/home/tiago/Repositorios/Github/SistemasLineares/Instancias/170.txt;18,028;22,098
/home/tiago/Repositorios/Github/SistemasLineares/Instancias/180.txt;18,967;26,128
/home/tiago/Repositorios/Github/SistemasLineares/Instancias/190.txt;24,119;30,808
/home/tiago/Repositorios/Github/SistemasLineares/Instancias/200.txt;23,135;35,825
/home/tiago/Repositorios/Github/SistemasLineares/Instancias/210.txt;25,612;41,393
/home/tiago/Repositorios/Github/SistemasLineares/Instancias/220.txt;27,98;47,67
/home/tiago/Repositorios/Github/SistemasLineares/Instancias/230.txt;30,568;54,36
/home/tiago/Repositorios/Github/SistemasLineares/Instancias/240.txt;33,219;61,956
/home/tiago/Repositorios/Github/SistemasLineares/Instancias/250.txt;39,59;69,918
/home/tiago/Repositorios/Github/SistemasLineares/Instancias/260.txt;39,44;78,756
/home/tiago/Repositorios/Github/SistemasLineares/Instancias/270.txt;42,381;88,371
/home/tiago/Repositorios/Github/SistemasLineares/Instancias/280.txt;45,33;98,346
/home/tiago/Repositorios/Github/SistemasLineares/Instancias/290.txt;49,771;108,81
/home/tiago/Repositorios/Github/SistemasLineares/Instancias/3.txt;0,045;0,002
/home/tiago/Repositorios/Github/SistemasLineares/Instancias/300.txt;51,82;122,011
/home/tiago/Repositorios/Github/SistemasLineares/Instancias/4.txt;0,049;0,003
/home/tiago/Repositorios/Github/SistemasLineares/Instancias/5.txt;0,093;0,004
