/home/tiago/Repositorios/Github/SistemasLineares/Instancias/10.txt;0,9472370147705078;0,34308433532714844;
/home/tiago/Repositorios/Github/SistemasLineares/Instancias/100.txt;8,779287338256836;225,4023551940918;
/home/tiago/Repositorios/Github/SistemasLineares/Instancias/110.txt;11,248588562011719;294,00157928466797;
/home/tiago/Repositorios/Github/SistemasLineares/Instancias/120.txt;13,646125793457031;383,1498622894287;
/home/tiago/Repositorios/Github/SistemasLineares/Instancias/130.txt;15,041112899780273;477,6263236999512;
/home/tiago/Repositorios/Github/SistemasLineares/Instancias/140.txt;17,806291580200195;594,9032306671143;
/home/tiago/Repositorios/Github/SistemasLineares/Instancias/15.txt;1,018524169921875;0,9222030639648438;
/home/tiago/Repositorios/Github/SistemasLineares/Instancias/150.txt;26,184797286987305;959,2747688293457;
/home/tiago/Repositorios/Github/SistemasLineares/Instancias/160.txt;24,78790283203125;899,3687629699707;
/home/tiago/Repositorios/Github/SistemasLineares/Instancias/170.txt;25,24590492248535;1077,4428844451904;
/home/tiago/Repositorios/Github/SistemasLineares/Instancias/180.txt;36,90147399902344;1322,5317001342773;
/home/tiago/Repositorios/Github/SistemasLineares/Instancias/190.txt;30,426740646362305;1503,2613277435303;
/home/tiago/Repositorios/Github/SistemasLineares/Instancias/200.txt;32,570838928222656;1725,1155376434326;
/home/tiago/Repositorios/Github/SistemasLineares/Instancias/210.txt;36,914825439453125;1990,1680946350098;
/home/tiago/Repositorios/Github/SistemasLineares/Instancias/220.txt;41,67628288269043;2285,6717109680176;
/home/tiago/Repositorios/Github/SistemasLineares/Instancias/230.txt;43,535709381103516;2626,4355182647705;
/home/tiago/Repositorios/Github/SistemasLineares/Instancias/240.txt;47,393798828125;2965,345859527588;
/home/tiago/Repositorios/Github/SistemasLineares/Instancias/250.txt;50,267696380615234;3368,9846992492676;
/home/tiago/Repositorios/Github/SistemasLineares/Instancias/260.txt;53,3909797668457;3780,9619903564453;
/home/tiago/Repositorios/Github/SistemasLineares/Instancias/270.txt;59,63945388793945;4299,9279499053955;
/home/tiago/Repositorios/Github/SistemasLineares/Instancias/280.txt;65,05584716796875;4744,852304458618;
/home/tiago/Repositorios/Github/SistemasLineares/Instancias/290.txt;68,06445121765137;5309,570074081421;
/home/tiago/Repositorios/Github/SistemasLineares/Instancias/3.txt;0,7953643798828125;0,030994415283203125;
/home/tiago/Repositorios/Github/SistemasLineares/Instancias/300.txt;71,49076461791992;5894,728899002075;
/home/tiago/Repositorios/Github/SistemasLineares/Instancias/4.txt;0,8039474487304688;0,04792213439941406;
/home/tiago/Repositorios/Github/SistemasLineares/Instancias/5.txt;0,8327960968017578;0,06747245788574219;
/home/tiago/Repositorios/Github/SistemasLineares/Instancias/10.txt;0,8931159973144531;0,3173351287841797;
/home/tiago/Repositorios/Github/SistemasLineares/Instancias/100.txt;8,768081665039062;218,63913536071777;
/home/tiago/Repositorios/Github/SistemasLineares/Instancias/110.txt;13,071775436401367;293,55597496032715;
/home/tiago/Repositorios/Github/SistemasLineares/Instancias/120.txt;13,097047805786133;379,92238998413086;
/home/tiago/Repositorios/Github/SistemasLineares/Instancias/130.txt;15,32745361328125;479,0775775909424;
/home/tiago/Repositorios/Github/SistemasLineares/Instancias/140.txt;17,365455627441406;597,0983505249023;
/home/tiago/Repositorios/Github/SistemasLineares/Instancias/15.txt;1,0294914245605469;0,9100437164306641;
/home/tiago/Repositorios/Github/SistemasLineares/Instancias/150.txt;19,739389419555664;730,7596206665039;
/home/tiago/Repositorios/Github/SistemasLineares/Instancias/160.txt;23,791790008544922;884,0353488922119;
/home/tiago/Repositorios/Github/SistemasLineares/Instancias/170.txt;25,82693099975586;1059,3714714050293;
/home/tiago/Repositorios/Github/SistemasLineares/Instancias/180.txt;28,814077377319336;1270,4825401306152;
/home/tiago/Repositorios/Github/SistemasLineares/Instancias/190.txt;41,914939880371094;1481,2932014465332;
/home/tiago/Repositorios/Github/SistemasLineares/Instancias/200.txt;33,04886817932129;1721,3938236236572;
/home/tiago/Repositorios/Github/SistemasLineares/Instancias/210.txt;35,65549850463867;1991,1670684814453;
/home/tiago/Repositorios/Github/SistemasLineares/Instancias/220.txt;40,26174545288086;2272,019386291504;
/home/tiago/Repositorios/Github/SistemasLineares/Instancias/230.txt;49,32403564453125;2618,6916828155518;
/home/tiago/Repositorios/Github/SistemasLineares/Instancias/240.txt;46,8602180480957;2960,834741592407;
/home/tiago/Repositorios/Github/SistemasLineares/Instancias/250.txt;51,44166946411133;3508,894681930542;
/home/tiago/Repositorios/Github/SistemasLineares/Instancias/260.txt;56,04386329650879;3790,62557220459;
/home/tiago/Repositorios/Github/SistemasLineares/Instancias/270.txt;58,846473693847656;4277,499198913574;
/home/tiago/Repositorios/Github/SistemasLineares/Instancias/280.txt;65,13547897338867;4770,859241485596;
/home/tiago/Repositorios/Github/SistemasLineares/Instancias/290.txt;69,23484802246094;5811,036586761475;
/home/tiago/Repositorios/Github/SistemasLineares/Instancias/3.txt;0,79345703125;0,03170967102050781;
/home/tiago/Repositorios/Github/SistemasLineares/Instancias/300.txt;72,03102111816406;5865,043163299561;
/home/tiago/Repositorios/Github/SistemasLineares/Instancias/4.txt;0,8349418640136719;0,05125999450683594;
/home/tiago/Repositorios/Github/SistemasLineares/Instancias/5.txt;0,8192062377929688;0,06818771362304688;
/home/tiago/Repositorios/Github/SistemasLineares/Instancias/10.txt;0,8969306945800781;0,32210350036621094;
/home/tiago/Repositorios/Github/SistemasLineares/Instancias/100.txt;8,99052619934082;221,10533714294434;
/home/tiago/Repositorios/Github/SistemasLineares/Instancias/110.txt;11,19852066040039;297,5187301635742;
/home/tiago/Repositorios/Github/SistemasLineares/Instancias/120.txt;12,95328140258789;386,36112213134766;
/home/tiago/Repositorios/Github/SistemasLineares/Instancias/130.txt;15,02084732055664;477,24199295043945;
/home/tiago/Repositorios/Github/SistemasLineares/Instancias/140.txt;17,64512062072754;597,557783126831;
/home/tiago/Repositorios/Github/SistemasLineares/Instancias/15.txt;1,0204315185546875;0,9362697601318359;
/home/tiago/Repositorios/Github/SistemasLineares/Instancias/150.txt;19,849300384521484;747,0202445983887;
/home/tiago/Repositorios/Github/SistemasLineares/Instancias/160.txt;22,340774536132812;882,6143741607666;
/home/tiago/Repositorios/Github/SistemasLineares/Instancias/170.txt;26,926279067993164;1056,0636520385742;
/home/tiago/Repositorios/Github/SistemasLineares/Instancias/180.txt;29,627084732055664;1265,6900882720947;
/home/tiago/Repositorios/Github/SistemasLineares/Instancias/190.txt;32,474517822265625;1483,1976890563965;
/home/tiago/Repositorios/Github/SistemasLineares/Instancias/200.txt;34,72733497619629;1717,1728610992432;
/home/tiago/Repositorios/Github/SistemasLineares/Instancias/210.txt;36,72003746032715;2250,1742839813232;
/home/tiago/Repositorios/Github/SistemasLineares/Instancias/220.txt;39,72053527832031;2311,21826171875;
/home/tiago/Repositorios/Github/SistemasLineares/Instancias/230.txt;42,82784461975098;2673,982620239258;
/home/tiago/Repositorios/Github/SistemasLineares/Instancias/240.txt;45,9742546081543;2972,5868701934814;
/home/tiago/Repositorios/Github/SistemasLineares/Instancias/250.txt;51,515817642211914;3363,5144233703613;
/home/tiago/Repositorios/Github/SistemasLineares/Instancias/260.txt;54,982662200927734;3804,6958446502686;
/home/tiago/Repositorios/Github/SistemasLineares/Instancias/270.txt;61,113595962524414;4257,096767425537;
/home/tiago/Repositorios/Github/SistemasLineares/Instancias/280.txt;62,00766563415527;4780,526876449585;
/home/tiago/Repositorios/Github/SistemasLineares/Instancias/290.txt;69,60797309875488;5294,361114501953;
/home/tiago/Repositorios/Github/SistemasLineares/Instancias/3.txt;0,8146762847900391;0,03266334533691406;
/home/tiago/Repositorios/Github/SistemasLineares/Instancias/300.txt;72,94511795043945;5999,160289764404;
/home/tiago/Repositorios/Github/SistemasLineares/Instancias/4.txt;0,8254051208496094;0,04792213439941406;
/home/tiago/Repositorios/Github/SistemasLineares/Instancias/5.txt;0,8320808410644531;0,07343292236328125;
/home/tiago/Repositorios/Github/SistemasLineares/Instancias/10.txt;0,9038448333740234;0,3230571746826172;
/home/tiago/Repositorios/Github/SistemasLineares/Instancias/100.txt;10,110616683959961;223,0374813079834;
/home/tiago/Repositorios/Github/SistemasLineares/Instancias/110.txt;11,308670043945312;291,8515205383301;
/home/tiago/Repositorios/Github/SistemasLineares/Instancias/120.txt;13,285636901855469;376,5432834625244;
/home/tiago/Repositorios/Github/SistemasLineares/Instancias/130.txt;16,822099685668945;474,1330146789551;
/home/tiago/Repositorios/Github/SistemasLineares/Instancias/140.txt;17,45772361755371;599,297285079956;
/home/tiago/Repositorios/Github/SistemasLineares/Instancias/15.txt;1,0364055633544922;0,9288787841796875;
/home/tiago/Repositorios/Github/SistemasLineares/Instancias/150.txt;19,695281982421875;733,2131862640381;
/home/tiago/Repositorios/Github/SistemasLineares/Instancias/160.txt;28,61642837524414;888,3395195007324;
/home/tiago/Repositorios/Github/SistemasLineares/Instancias/170.txt;26,584386825561523;1066,1728382110596;
/home/tiago/Repositorios/Github/SistemasLineares/Instancias/180.txt;27,34851837158203;1249,0272521972656;
/home/tiago/Repositorios/Github/SistemasLineares/Instancias/190.txt;30,43508529663086;1699,9640464782715;
/home/tiago/Repositorios/Github/SistemasLineares/Instancias/200.txt;35,36343574523926;1712,5825881958008;
/home/tiago/Repositorios/Github/SistemasLineares/Instancias/210.txt;35,672664642333984;1992,7866458892822;
/home/tiago/Repositorios/Github/SistemasLineares/Instancias/220.txt;40,12131690979004;2286,0825061798096;
/home/tiago/Repositorios/Github/SistemasLineares/Instancias/230.txt;44,56305503845215;2644,9530124664307;
/home/tiago/Repositorios/Github/SistemasLineares/Instancias/240.txt;46,80967330932617;2958,1494331359863;
/home/tiago/Repositorios/Github/SistemasLineares/Instancias/250.txt;51,51653289794922;3372,9984760284424;
/home/tiago/Repositorios/Github/SistemasLineares/Instancias/260.txt;54,34417724609375;3786,9040966033936;
/home/tiago/Repositorios/Github/SistemasLineares/Instancias/270.txt;67,58999824523926;4275,783538818359;
/home/tiago/Repositorios/Github/SistemasLineares/Instancias/280.txt;65,7341480255127;4732,425212860107;
/home/tiago/Repositorios/Github/SistemasLineares/Instancias/290.txt;69,41390037536621;5280,834674835205;
/home/tiago/Repositorios/Github/SistemasLineares/Instancias/3.txt;0,8170604705810547;0,030755996704101562;
/home/tiago/Repositorios/Github/SistemasLineares/Instancias/300.txt;80,47056198120117;5889,071941375732;
/home/tiago/Repositorios/Github/SistemasLineares/Instancias/4.txt;0,8478164672851562;0,046253204345703125;
/home/tiago/Repositorios/Github/SistemasLineares/Instancias/5.txt;0,8366107940673828;0,06699562072753906;
/home/tiago/Repositorios/Github/SistemasLineares/Instancias/10.txt;0,8780956268310547;0,33855438232421875;
/home/tiago/Repositorios/Github/SistemasLineares/Instancias/100.txt;8,994817733764648;219,03300285339355;
/home/tiago/Repositorios/Github/SistemasLineares/Instancias/110.txt;12,672662734985352;291,6860580444336;
/home/tiago/Repositorios/Github/SistemasLineares/Instancias/120.txt;12,821674346923828;386,3706588745117;
/home/tiago/Repositorios/Github/SistemasLineares/Instancias/130.txt;15,382528305053711;518,1963443756104;
/home/tiago/Repositorios/Github/SistemasLineares/Instancias/140.txt;17,170429229736328;604,1760444641113;
/home/tiago/Repositorios/Github/SistemasLineares/Instancias/15.txt;1,058340072631836;0,9272098541259766;
/home/tiago/Repositorios/Github/SistemasLineares/Instancias/150.txt;20,710229873657227;733,8855266571045;
/home/tiago/Repositorios/Github/SistemasLineares/Instancias/160.txt;25,096416473388672;880,9816837310791;
/home/tiago/Repositorios/Github/SistemasLineares/Instancias/170.txt;32,84955024719238;1063,4350776672363;
/home/tiago/Repositorios/Github/SistemasLineares/Instancias/180.txt;30,11345863342285;1283,7557792663574;
/home/tiago/Repositorios/Github/SistemasLineares/Instancias/190.txt;33,292531967163086;1493,9796924591064;
/home/tiago/Repositorios/Github/SistemasLineares/Instancias/200.txt;38,62500190734863;1724,447250366211;
/home/tiago/Repositorios/Github/SistemasLineares/Instancias/210.txt;36,90385818481445;1989,8900985717773;
/home/tiago/Repositorios/Github/SistemasLineares/Instancias/220.txt;39,592742919921875;2283,8685512542725;
/home/tiago/Repositorios/Github/SistemasLineares/Instancias/230.txt;43,77603530883789;2595,1976776123047;
/home/tiago/Repositorios/Github/SistemasLineares/Instancias/240.txt;47,59025573730469;2972,53155708313;
/home/tiago/Repositorios/Github/SistemasLineares/Instancias/250.txt;53,62439155578613;3394,3657875061035;
/home/tiago/Repositorios/Github/SistemasLineares/Instancias/260.txt;53,79009246826172;3876,168966293335;
/home/tiago/Repositorios/Github/SistemasLineares/Instancias/270.txt;68,18795204162598;4290,187358856201;
/home/tiago/Repositorios/Github/SistemasLineares/Instancias/280.txt;64,83745574951172;4770,543575286865;
/home/tiago/Repositorios/Github/SistemasLineares/Instancias/290.txt;73,88591766357422;5305,077075958252;
/home/tiago/Repositorios/Github/SistemasLineares/Instancias/3.txt;0,9210109710693359;0,03170967102050781;
/home/tiago/Repositorios/Github/SistemasLineares/Instancias/300.txt;74,70321655273438;6227,349042892456;
/home/tiago/Repositorios/Github/SistemasLineares/Instancias/4.txt;0,8151531219482422;0,046253204345703125;
/home/tiago/Repositorios/Github/SistemasLineares/Instancias/5.txt;0,8199214935302734;0,06842613220214844;
/home/tiago/Repositorios/Github/SistemasLineares/Instancias/10.txt;0,9505748748779297;0,3197193145751953;
/home/tiago/Repositorios/Github/SistemasLineares/Instancias/100.txt;9,24372673034668;224,34258460998535;
/home/tiago/Repositorios/Github/SistemasLineares/Instancias/110.txt;12,339353561401367;306,48303031921387;
/home/tiago/Repositorios/Github/SistemasLineares/Instancias/120.txt;14,078855514526367;463,69075775146484;
/home/tiago/Repositorios/Github/SistemasLineares/Instancias/130.txt;15,724658966064453;473,54936599731445;
/home/tiago/Repositorios/Github/SistemasLineares/Instancias/140.txt;16,95561408996582;593,796968460083;
/home/tiago/Repositorios/Github/SistemasLineares/Instancias/15.txt;1,1742115020751953;0,9920597076416016;
/home/tiago/Repositorios/Github/SistemasLineares/Instancias/150.txt;19,36793327331543;736,2732887268066;
/home/tiago/Repositorios/Github/SistemasLineares/Instancias/160.txt;23,343801498413086;883,1815719604492;
/home/tiago/Repositorios/Github/SistemasLineares/Instancias/170.txt;30,714750289916992;1061,9542598724365;
/home/tiago/Repositorios/Github/SistemasLineares/Instancias/180.txt;35,85219383239746;1253,589391708374;
/home/tiago/Repositorios/Github/SistemasLineares/Instancias/190.txt;32,6077938079834;1483,9251041412354;
/home/tiago/Repositorios/Github/SistemasLineares/Instancias/200.txt;33,721208572387695;1727,684497833252;
/home/tiago/Repositorios/Github/SistemasLineares/Instancias/210.txt;36,485910415649414;2005,4118633270264;
/home/tiago/Repositorios/Github/SistemasLineares/Instancias/220.txt;40,561676025390625;2302,6764392852783;
/home/tiago/Repositorios/Github/SistemasLineares/Instancias/230.txt;42,20843315124512;2630,9168338775635;
/home/tiago/Repositorios/Github/SistemasLineares/Instancias/240.txt;48,772335052490234;2989,0358448028564;
/home/tiago/Repositorios/Github/SistemasLineares/Instancias/250.txt;54,019927978515625;3331,854820251465;
/home/tiago/Repositorios/Github/SistemasLineares/Instancias/260.txt;54,418325424194336;3783,5028171539307;
/home/tiago/Repositorios/Github/SistemasLineares/Instancias/270.txt;58,409690856933594;4270,047664642334;
/home/tiago/Repositorios/Github/SistemasLineares/Instancias/280.txt;64,93091583251953;4781,7323207855225;
/home/tiago/Repositorios/Github/SistemasLineares/Instancias/290.txt;70,30463218688965;5331,275939941406;
/home/tiago/Repositorios/Github/SistemasLineares/Instancias/3.txt;1,0304450988769531;0,04076957702636719;
/home/tiago/Repositorios/Github/SistemasLineares/Instancias/300.txt;83,39095115661621;5892,2576904296875;
/home/tiago/Repositorios/Github/SistemasLineares/Instancias/4.txt;0,8251667022705078;0,04744529724121094;
/home/tiago/Repositorios/Github/SistemasLineares/Instancias/5.txt;0,8246898651123047;0,06818771362304688;
/home/tiago/Repositorios/Github/SistemasLineares/Instancias/10.txt;0,9238719940185547;0,31757354736328125;
/home/tiago/Repositorios/Github/SistemasLineares/Instancias/100.txt;9,071111679077148;221,37856483459473;
/home/tiago/Repositorios/Github/SistemasLineares/Instancias/110.txt;12,82644271850586;297,4112033843994;
/home/tiago/Repositorios/Github/SistemasLineares/Instancias/120.txt;12,868404388427734;379,08387184143066;
/home/tiago/Repositorios/Github/SistemasLineares/Instancias/130.txt;15,126228332519531;477,5881767272949;
/home/tiago/Repositorios/Github/SistemasLineares/Instancias/140.txt;17,412185668945312;595,6783294677734;
/home/tiago/Repositorios/Github/SistemasLineares/Instancias/15.txt;1,0194778442382812;0,9243488311767578;
/home/tiago/Repositorios/Github/SistemasLineares/Instancias/150.txt;19,835710525512695;734,9951267242432;
/home/tiago/Repositorios/Github/SistemasLineares/Instancias/160.txt;23,2851505279541;887,4361515045166;
/home/tiago/Repositorios/Github/SistemasLineares/Instancias/170.txt;27,413606643676758;1052,133560180664;
/home/tiago/Repositorios/Github/SistemasLineares/Instancias/180.txt;28,806686401367188;1285,6898307800293;
/home/tiago/Repositorios/Github/SistemasLineares/Instancias/190.txt;36,496639251708984;1473,1907844543457;
/home/tiago/Repositorios/Github/SistemasLineares/Instancias/200.txt;33,934593200683594;1739,7754192352295;
/home/tiago/Repositorios/Github/SistemasLineares/Instancias/210.txt;36,15450859069824;1983,5495948791504;
/home/tiago/Repositorios/Github/SistemasLineares/Instancias/220.txt;40,92812538146973;2288,7179851531982;
/home/tiago/Repositorios/Github/SistemasLineares/Instancias/230.txt;43,828725814819336;2610,790729522705;
/home/tiago/Repositorios/Github/SistemasLineares/Instancias/240.txt;55,17172813415527;2977,84161567688;
/home/tiago/Repositorios/Github/SistemasLineares/Instancias/250.txt;51,73492431640625;3350,6860733032227;
/home/tiago/Repositorios/Github/SistemasLineares/Instancias/260.txt;55,22918701171875;3766,591787338257;
/home/tiago/Repositorios/Github/SistemasLineares/Instancias/270.txt;60,62936782836914;4276,8800258636475;
/home/tiago/Repositorios/Github/SistemasLineares/Instancias/280.txt;66,35880470275879;4831,57205581665;
/home/tiago/Repositorios/Github/SistemasLineares/Instancias/290.txt;68,51458549499512;5309,867858886719;
/home/tiago/Repositorios/Github/SistemasLineares/Instancias/3.txt;0,8215904235839844;0,03266334533691406;
/home/tiago/Repositorios/Github/SistemasLineares/Instancias/300.txt;72,57723808288574;5859,718561172485;
/home/tiago/Repositorios/Github/SistemasLineares/Instancias/4.txt;0,8003711700439453;0,04696846008300781;
/home/tiago/Repositorios/Github/SistemasLineares/Instancias/5.txt;0,8459091186523438;0,06937980651855469;
/home/tiago/Repositorios/Github/SistemasLineares/Instancias/10.txt;0,9307861328125;0,31828880310058594;
/home/tiago/Repositorios/Github/SistemasLineares/Instancias/100.txt;8,855104446411133;254,20165061950684;
/home/tiago/Repositorios/Github/SistemasLineares/Instancias/110.txt;12,646675109863281;297,1057891845703;
/home/tiago/Repositorios/Github/SistemasLineares/Instancias/120.txt;13,679981231689453;374,8049736022949;
/home/tiago/Repositorios/Github/SistemasLineares/Instancias/130.txt;15,431642532348633;474,884033203125;
/home/tiago/Repositorios/Github/SistemasLineares/Instancias/140.txt;16,972064971923828;595,6563949584961;
/home/tiago/Repositorios/Github/SistemasLineares/Instancias/15.txt;1,0013580322265625;0,9567737579345703;
/home/tiago/Repositorios/Github/SistemasLineares/Instancias/150.txt;19,353866577148438;738,5129928588867;
/home/tiago/Repositorios/Github/SistemasLineares/Instancias/160.txt;23,479223251342773;883,6424350738525;
/home/tiago/Repositorios/Github/SistemasLineares/Instancias/170.txt;29,20985221862793;1061,5992546081543;
/home/tiago/Repositorios/Github/SistemasLineares/Instancias/180.txt;31,67891502380371;1253,873586654663;
/home/tiago/Repositorios/Github/SistemasLineares/Instancias/190.txt;30,77244758605957;1483,717918395996;
/home/tiago/Repositorios/Github/SistemasLineares/Instancias/200.txt;34,17253494262695;1721,327304840088;
/home/tiago/Repositorios/Github/SistemasLineares/Instancias/210.txt;37,48059272766113;1992,0463562011719;
/home/tiago/Repositorios/Github/SistemasLineares/Instancias/220.txt;45,976877212524414;2326,921224594116;
/home/tiago/Repositorios/Github/SistemasLineares/Instancias/230.txt;45,97592353820801;2657,081365585327;
/home/tiago/Repositorios/Github/SistemasLineares/Instancias/240.txt;47,270774841308594;2973,170757293701;
/home/tiago/Repositorios/Github/SistemasLineares/Instancias/250.txt;51,73659324645996;3339,353322982788;
/home/tiago/Repositorios/Github/SistemasLineares/Instancias/260.txt;55,158376693725586;3761,2545490264893;
/home/tiago/Repositorios/Github/SistemasLineares/Instancias/270.txt;59,19981002807617;4264,310359954834;
/home/tiago/Repositorios/Github/SistemasLineares/Instancias/280.txt;63,89164924621582;4738,310813903809;
/home/tiago/Repositorios/Github/SistemasLineares/Instancias/290.txt;67,86918640136719;5350,825548171997;
/home/tiago/Repositorios/Github/SistemasLineares/Instancias/3.txt;1,081228256225586;0,036716461181640625;
/home/tiago/Repositorios/Github/SistemasLineares/Instancias/300.txt;74,68628883361816;5936,584711074829;
/home/tiago/Repositorios/Github/SistemasLineares/Instancias/4.txt;0,8244514465332031;0,046253204345703125;
/home/tiago/Repositorios/Github/SistemasLineares/Instancias/5.txt;0,8206367492675781;0,06914138793945312;
/home/tiago/Repositorios/Github/SistemasLineares/Instancias/10.txt;0,8974075317382812;0,3440380096435547;
/home/tiago/Repositorios/Github/SistemasLineares/Instancias/100.txt;9,053707122802734;223,8328456878662;
/home/tiago/Repositorios/Github/SistemasLineares/Instancias/110.txt;10,814428329467773;297,4104881286621;
/home/tiago/Repositorios/Github/SistemasLineares/Instancias/120.txt;12,59469985961914;378,51762771606445;
/home/tiago/Repositorios/Github/SistemasLineares/Instancias/130.txt;15,205860137939453;476,82857513427734;
/home/tiago/Repositorios/Github/SistemasLineares/Instancias/140.txt;17,667770385742188;597,0520973205566;
/home/tiago/Repositorios/Github/SistemasLineares/Instancias/15.txt;1,0204315185546875;0,9140968322753906;
/home/tiago/Repositorios/Github/SistemasLineares/Instancias/150.txt;19,188880920410156;742,6331043243408;
/home/tiago/Repositorios/Github/SistemasLineares/Instancias/160.txt;36,7741584777832;900,4421234130859;
/home/tiago/Repositorios/Github/SistemasLineares/Instancias/170.txt;25,10833740234375;1114,4969463348389;
/home/tiago/Repositorios/Github/SistemasLineares/Instancias/180.txt;34,69085693359375;1272,9108333587646;
/home/tiago/Repositorios/Github/SistemasLineares/Instancias/190.txt;34,32297706604004;1489,3522262573242;
/home/tiago/Repositorios/Github/SistemasLineares/Instancias/200.txt;38,544654846191406;1758,0273151397705;
/home/tiago/Repositorios/Github/SistemasLineares/Instancias/210.txt;36,44752502441406;1992,7170276641846;
/home/tiago/Repositorios/Github/SistemasLineares/Instancias/220.txt;41,364431381225586;2310,4352951049805;
/home/tiago/Repositorios/Github/SistemasLineares/Instancias/230.txt;43,96700859069824;2604,3896675109863;
/home/tiago/Repositorios/Github/SistemasLineares/Instancias/240.txt;55,639028549194336;2973,559617996216;
/home/tiago/Repositorios/Github/SistemasLineares/Instancias/250.txt;58,6543083190918;3340,386390686035;
/home/tiago/Repositorios/Github/SistemasLineares/Instancias/260.txt;55,46069145202637;3821,2811946868896;
/home/tiago/Repositorios/Github/SistemasLineares/Instancias/270.txt;57,44600296020508;4261,217832565308;
/home/tiago/Repositorios/Github/SistemasLineares/Instancias/280.txt;62,11996078491211;4771,2082862854;
/home/tiago/Repositorios/Github/SistemasLineares/Instancias/290.txt;67,22140312194824;5302,403211593628;
/home/tiago/Repositorios/Github/SistemasLineares/Instancias/3.txt;0,7913112640380859;0,03147125244140625;
/home/tiago/Repositorios/Github/SistemasLineares/Instancias/300.txt;75,64163208007812;5868,29400062561;
/home/tiago/Repositorios/Github/SistemasLineares/Instancias/4.txt;0,8032321929931641;0,0476837158203125;
/home/tiago/Repositorios/Github/SistemasLineares/Instancias/5.txt;0,8237361907958984;0,06937980651855469;
/home/tiago/Repositorios/Github/SistemasLineares/Instancias/10.txt;0,9107589721679688;0,31495094299316406;
/home/tiago/Repositorios/Github/SistemasLineares/Instancias/100.txt;9,178876876831055;226,36747360229492;
/home/tiago/Repositorios/Github/SistemasLineares/Instancias/110.txt;11,073112487792969;297,0612049102783;
/home/tiago/Repositorios/Github/SistemasLineares/Instancias/120.txt;14,792919158935547;373,03829193115234;
/home/tiago/Repositorios/Github/SistemasLineares/Instancias/130.txt;15,068769454956055;475,4476547241211;
/home/tiago/Repositorios/Github/SistemasLineares/Instancias/140.txt;17,319679260253906;597,7027416229248;
/home/tiago/Repositorios/Github/SistemasLineares/Instancias/15.txt;1,0116100311279297;0,965118408203125;
/home/tiago/Repositorios/Github/SistemasLineares/Instancias/150.txt;20,028114318847656;728,2612323760986;
/home/tiago/Repositorios/Github/SistemasLineares/Instancias/160.txt;22,579669952392578;893,2218551635742;
/home/tiago/Repositorios/Github/SistemasLineares/Instancias/170.txt;24,715423583984375;1048,9904880523682;
/home/tiago/Repositorios/Github/SistemasLineares/Instancias/180.txt;35,356998443603516;1253,7767887115479;
/home/tiago/Repositorios/Github/SistemasLineares/Instancias/190.txt;33,77199172973633;1484,6863746643066;
/home/tiago/Repositorios/Github/SistemasLineares/Instancias/200.txt;33,161163330078125;1733,7994575500488;
/home/tiago/Repositorios/Github/SistemasLineares/Instancias/210.txt;36,25893592834473;1977,9000282287598;
/home/tiago/Repositorios/Github/SistemasLineares/Instancias/220.txt;40,29989242553711;2273,9124298095703;
/home/tiago/Repositorios/Github/SistemasLineares/Instancias/230.txt;43,604373931884766;2620,943069458008;
/home/tiago/Repositorios/Github/SistemasLineares/Instancias/240.txt;53,67159843444824;2965,7890796661377;
/home/tiago/Repositorios/Github/SistemasLineares/Instancias/250.txt;51,7425537109375;3343,97029876709;
/home/tiago/Repositorios/Github/SistemasLineares/Instancias/260.txt;65,10066986083984;3764,42289352417;
/home/tiago/Repositorios/Github/SistemasLineares/Instancias/270.txt;59,18574333190918;4248,136520385742;
/home/tiago/Repositorios/Github/SistemasLineares/Instancias/280.txt;62,705278396606445;4754,002571105957;
/home/tiago/Repositorios/Github/SistemasLineares/Instancias/290.txt;69,16141510009766;5265,599727630615;
/home/tiago/Repositorios/Github/SistemasLineares/Instancias/3.txt;0,8301734924316406;0,03147125244140625;
/home/tiago/Repositorios/Github/SistemasLineares/Instancias/300.txt;72,82519340515137;5902,72855758667;
/home/tiago/Repositorios/Github/SistemasLineares/Instancias/4.txt;0,8120536804199219;0,04744529724121094;
/home/tiago/Repositorios/Github/SistemasLineares/Instancias/5.txt;0,8096694946289062;0,06747245788574219;
/home/tiago/Repositorios/Github/SistemasLineares/Instancias/10.txt;0,8938312530517578;0,32019615173339844;
/home/tiago/Repositorios/Github/SistemasLineares/Instancias/100.txt;8,783102035522461;221,0257053375244;
/home/tiago/Repositorios/Github/SistemasLineares/Instancias/110.txt;11,139392852783203;292,3562526702881;
/home/tiago/Repositorios/Github/SistemasLineares/Instancias/120.txt;13,428926467895508;378,07440757751465;
/home/tiago/Repositorios/Github/SistemasLineares/Instancias/130.txt;14,938831329345703;479,0024757385254;
/home/tiago/Repositorios/Github/SistemasLineares/Instancias/140.txt;16,7999267578125;595,937967300415;
/home/tiago/Repositorios/Github/SistemasLineares/Instancias/15.txt;1,0056495666503906;0,9183883666992188;
/home/tiago/Repositorios/Github/SistemasLineares/Instancias/150.txt;19,965648651123047;723,3538627624512;
/home/tiago/Repositorios/Github/SistemasLineares/Instancias/160.txt;26,000022888183594;887,6049518585205;
/home/tiago/Repositorios/Github/SistemasLineares/Instancias/170.txt;25,763273239135742;1058,9125156402588;
/home/tiago/Repositorios/Github/SistemasLineares/Instancias/180.txt;27,357816696166992;1252,4521350860596;
/home/tiago/Repositorios/Github/SistemasLineares/Instancias/190.txt;30,468463897705078;1474,0347862243652;
/home/tiago/Repositorios/Github/SistemasLineares/Instancias/200.txt;34,18564796447754;1714,4455909729004;
/home/tiago/Repositorios/Github/SistemasLineares/Instancias/210.txt;35,703182220458984;1976,27854347229;
/home/tiago/Repositorios/Github/SistemasLineares/Instancias/220.txt;39,26587104797363;2316,2200450897217;
/home/tiago/Repositorios/Github/SistemasLineares/Instancias/230.txt;43,257951736450195;2616,290807723999;
/home/tiago/Repositorios/Github/SistemasLineares/Instancias/240.txt;50,0340461730957;2951,636791229248;
/home/tiago/Repositorios/Github/SistemasLineares/Instancias/250.txt;49,608707427978516;3403,308629989624;
/home/tiago/Repositorios/Github/SistemasLineares/Instancias/260.txt;54,63218688964844;3770,472288131714;
/home/tiago/Repositorios/Github/SistemasLineares/Instancias/270.txt;58,79402160644531;4269,030570983887;
/home/tiago/Repositorios/Github/SistemasLineares/Instancias/280.txt;63,34638595581055;4758,054494857788;
/home/tiago/Repositorios/Github/SistemasLineares/Instancias/290.txt;66,29371643066406;5279,7088623046875;
/home/tiago/Repositorios/Github/SistemasLineares/Instancias/3.txt;0,8246898651123047;0,031232833862304688;
/home/tiago/Repositorios/Github/SistemasLineares/Instancias/300.txt;72,46232032775879;5895,52116394043;
/home/tiago/Repositorios/Github/SistemasLineares/Instancias/4.txt;0,7979869842529297;0,04839897155761719;
/home/tiago/Repositorios/Github/SistemasLineares/Instancias/5.txt;0,8389949798583984;0,06961822509765625;
/home/tiago/Repositorios/Github/SistemasLineares/Instancias/10.txt;0,9446144104003906;0,3218650817871094;
/home/tiago/Repositorios/Github/SistemasLineares/Instancias/100.txt;9,399890899658203;218,40858459472656;
/home/tiago/Repositorios/Github/SistemasLineares/Instancias/110.txt;11,05642318725586;290,3885841369629;
/home/tiago/Repositorios/Github/SistemasLineares/Instancias/120.txt;14,844417572021484;377,1328926086426;
/home/tiago/Repositorios/Github/SistemasLineares/Instancias/130.txt;15,225887298583984;484,0707778930664;
/home/tiago/Repositorios/Github/SistemasLineares/Instancias/140.txt;17,132043838500977;601,29714012146;
/home/tiago/Repositorios/Github/SistemasLineares/Instancias/15.txt;1,0933876037597656;0,9322166442871094;
/home/tiago/Repositorios/Github/SistemasLineares/Instancias/150.txt;22,922754287719727;747,0815181732178;
/home/tiago/Repositorios/Github/SistemasLineares/Instancias/160.txt;29,452800750732422;897,6700305938721;
/home/tiago/Repositorios/Github/SistemasLineares/Instancias/170.txt;25,31599998474121;1062,525749206543;
/home/tiago/Repositorios/Github/SistemasLineares/Instancias/180.txt;27,83679962158203;1246,8857765197754;
/home/tiago/Repositorios/Github/SistemasLineares/Instancias/190.txt;31,864643096923828;1476,471185684204;
/home/tiago/Repositorios/Github/SistemasLineares/Instancias/200.txt;38,63167762756348;1716,2389755249023;
/home/tiago/Repositorios/Github/SistemasLineares/Instancias/210.txt;36,62681579589844;2007,3022842407227;
/home/tiago/Repositorios/Github/SistemasLineares/Instancias/220.txt;39,51835632324219;2280,4219722747803;
/home/tiago/Repositorios/Github/SistemasLineares/Instancias/230.txt;45,36294937133789;2627,3224353790283;
/home/tiago/Repositorios/Github/SistemasLineares/Instancias/240.txt;54,0776252746582;2991,576671600342;
/home/tiago/Repositorios/Github/SistemasLineares/Instancias/250.txt;51,377296447753906;3353,318691253662;
/home/tiago/Repositorios/Github/SistemasLineares/Instancias/260.txt;54,642438888549805;3776,7250537872314;
/home/tiago/Repositorios/Github/SistemasLineares/Instancias/270.txt;61,56301498413086;4275,795698165894;
/home/tiago/Repositorios/Github/SistemasLineares/Instancias/280.txt;63,965797424316406;4760,1940631866455;
/home/tiago/Repositorios/Github/SistemasLineares/Instancias/290.txt;68,46070289611816;5276,914358139038;
/home/tiago/Repositorios/Github/SistemasLineares/Instancias/3.txt;0,7846355438232422;0,03147125244140625;
/home/tiago/Repositorios/Github/SistemasLineares/Instancias/300.txt;72,94392585754395;5938,22979927063;
/home/tiago/Repositorios/Github/SistemasLineares/Instancias/4.txt;0,8199214935302734;0,04792213439941406;
/home/tiago/Repositorios/Github/SistemasLineares/Instancias/5.txt;0,8525848388671875;0,06914138793945312;
/home/tiago/Repositorios/Github/SistemasLineares/Instancias/10.txt;0,8864402770996094;0,3151893615722656;
/home/tiago/Repositorios/Github/SistemasLineares/Instancias/100.txt;8,923053741455078;234,12227630615234;
/home/tiago/Repositorios/Github/SistemasLineares/Instancias/110.txt;11,158466339111328;293,75720024108887;
/home/tiago/Repositorios/Github/SistemasLineares/Instancias/120.txt;13,881206512451172;378,83615493774414;
/home/tiago/Repositorios/Github/SistemasLineares/Instancias/130.txt;14,934301376342773;481,5411567687988;
/home/tiago/Repositorios/Github/SistemasLineares/Instancias/140.txt;19,228696823120117;597,7926254272461;
/home/tiago/Repositorios/Github/SistemasLineares/Instancias/15.txt;1,0118484497070312;0,9255409240722656;
/home/tiago/Repositorios/Github/SistemasLineares/Instancias/150.txt;19,322872161865234;731,468915939331;
/home/tiago/Repositorios/Github/SistemasLineares/Instancias/160.txt;21,731853485107422;885,7221603393555;
/home/tiago/Repositorios/Github/SistemasLineares/Instancias/170.txt;25,052547454833984;1059,0898990631104;
/home/tiago/Repositorios/Github/SistemasLineares/Instancias/180.txt;27,726411819458008;1248,0950355529785;
/home/tiago/Repositorios/Github/SistemasLineares/Instancias/190.txt;34,92403030395508;1483,9000701904297;
/home/tiago/Repositorios/Github/SistemasLineares/Instancias/200.txt;34,88564491271973;1737,4250888824463;
/home/tiago/Repositorios/Github/SistemasLineares/Instancias/210.txt;36,609649658203125;1994,5178031921387;
/home/tiago/Repositorios/Github/SistemasLineares/Instancias/220.txt;40,12131690979004;2276,6146659851074;
/home/tiago/Repositorios/Github/SistemasLineares/Instancias/230.txt;49,84164237976074;2600,7187366485596;
/home/tiago/Repositorios/Github/SistemasLineares/Instancias/240.txt;45,8526611328125;2950,503349304199;
/home/tiago/Repositorios/Github/SistemasLineares/Instancias/250.txt;59,070587158203125;3337,1760845184326;
/home/tiago/Repositorios/Github/SistemasLineares/Instancias/260.txt;57,012081146240234;3839,7719860076904;
/home/tiago/Repositorios/Github/SistemasLineares/Instancias/270.txt;60,37092208862305;4256,150722503662;
/home/tiago/Repositorios/Github/SistemasLineares/Instancias/280.txt;63,78340721130371;4751,070261001587;
/home/tiago/Repositorios/Github/SistemasLineares/Instancias/290.txt;79,62608337402344;5338,7134075164795;
/home/tiago/Repositorios/Github/SistemasLineares/Instancias/3.txt;0,8828639984130859;0,03361701965332031;
/home/tiago/Repositorios/Github/SistemasLineares/Instancias/300.txt;73,77862930297852;6195,886850357056;
/home/tiago/Repositorios/Github/SistemasLineares/Instancias/4.txt;0,804901123046875;0,04696846008300781;
/home/tiago/Repositorios/Github/SistemasLineares/Instancias/5.txt;0,8366107940673828;0,06747245788574219;
/home/tiago/Repositorios/Github/SistemasLineares/Instancias/10.txt;0,8845329284667969;0,31685829162597656;
/home/tiago/Repositorios/Github/SistemasLineares/Instancias/100.txt;9,179115295410156;219,52486038208008;
/home/tiago/Repositorios/Github/SistemasLineares/Instancias/110.txt;11,302471160888672;289,5379066467285;
/home/tiago/Repositorios/Github/SistemasLineares/Instancias/120.txt;12,83407211303711;374,9053478240967;
/home/tiago/Repositorios/Github/SistemasLineares/Instancias/130.txt;14,99795913696289;509,075403213501;
/home/tiago/Repositorios/Github/SistemasLineares/Instancias/140.txt;19,431352615356445;601,0792255401611;
/home/tiago/Repositorios/Github/SistemasLineares/Instancias/15.txt;1,0151863098144531;0,926971435546875;
/home/tiago/Repositorios/Github/SistemasLineares/Instancias/150.txt;19,156932830810547;743,6535358428955;
/home/tiago/Repositorios/Github/SistemasLineares/Instancias/160.txt;21,88587188720703;897,6919651031494;
/home/tiago/Repositorios/Github/SistemasLineares/Instancias/170.txt;25,01678466796875;1056,6551685333252;
/home/tiago/Repositorios/Github/SistemasLineares/Instancias/180.txt;28,936147689819336;1259,9105834960938;
/home/tiago/Repositorios/Github/SistemasLineares/Instancias/190.txt;30,40456771850586;1462,3537063598633;
/home/tiago/Repositorios/Github/SistemasLineares/Instancias/200.txt;32,86576271057129;1714,4787311553955;
/home/tiago/Repositorios/Github/SistemasLineares/Instancias/210.txt;35,69293022155762;1976,8595695495605;
/home/tiago/Repositorios/Github/SistemasLineares/Instancias/220.txt;40,48800468444824;2295,910596847534;
/home/tiago/Repositorios/Github/SistemasLineares/Instancias/230.txt;49,399375915527344;2607,6107025146484;
/home/tiago/Repositorios/Github/SistemasLineares/Instancias/240.txt;46,0355281829834;2969,2559242248535;
/home/tiago/Repositorios/Github/SistemasLineares/Instancias/250.txt;51,43904685974121;3316,7200088500977;
/home/tiago/Repositorios/Github/SistemasLineares/Instancias/260.txt;53,763628005981445;3801,4566898345947;
/home/tiago/Repositorios/Github/SistemasLineares/Instancias/270.txt;59,51404571533203;4296,416282653809;
/home/tiago/Repositorios/Github/SistemasLineares/Instancias/280.txt;62,99591064453125;4752,577781677246;
/home/tiago/Repositorios/Github/SistemasLineares/Instancias/290.txt;83,19091796875;5321,408033370972;
/home/tiago/Repositorios/Github/SistemasLineares/Instancias/3.txt;0,7922649383544922;0,030755996704101562;
/home/tiago/Repositorios/Github/SistemasLineares/Instancias/300.txt;76,6148567199707;5886,08980178833;
/home/tiago/Repositorios/Github/SistemasLineares/Instancias/4.txt;0,8330345153808594;0,04601478576660156;
/home/tiago/Repositorios/Github/SistemasLineares/Instancias/5.txt;0,812530517578125;0,07081031799316406;
/home/tiago/Repositorios/Github/SistemasLineares/Instancias/10.txt;0,8745193481445312;0,3230571746826172;
/home/tiago/Repositorios/Github/SistemasLineares/Instancias/100.txt;9,00721549987793;225,8777618408203;
/home/tiago/Repositorios/Github/SistemasLineares/Instancias/110.txt;11,078357696533203;290,74645042419434;
/home/tiago/Repositorios/Github/SistemasLineares/Instancias/120.txt;13,213872909545898;377,7751922607422;
/home/tiago/Repositorios/Github/SistemasLineares/Instancias/130.txt;14,97197151184082;482,04565048217773;
/home/tiago/Repositorios/Github/SistemasLineares/Instancias/140.txt;17,670869827270508;621,0300922393799;
/home/tiago/Repositorios/Github/SistemasLineares/Instancias/15.txt;1,0209083557128906;0,9403228759765625;
/home/tiago/Repositorios/Github/SistemasLineares/Instancias/150.txt;19,0122127532959;739,4945621490479;
/home/tiago/Repositorios/Github/SistemasLineares/Instancias/160.txt;25,788068771362305;892,4152851104736;
/home/tiago/Repositorios/Github/SistemasLineares/Instancias/170.txt;28,286218643188477;1064,6276473999023;
/home/tiago/Repositorios/Github/SistemasLineares/Instancias/180.txt;27,596473693847656;1263,1983757019043;
/home/tiago/Repositorios/Github/SistemasLineares/Instancias/190.txt;33,22410583496094;1491,943359375;
/home/tiago/Repositorios/Github/SistemasLineares/Instancias/200.txt;37,932395935058594;1738,3034229278564;
/home/tiago/Repositorios/Github/SistemasLineares/Instancias/210.txt;43,299198150634766;1986,9911670684814;
/home/tiago/Repositorios/Github/SistemasLineares/Instancias/220.txt;39,939165115356445;2279,0327072143555;
/home/tiago/Repositorios/Github/SistemasLineares/Instancias/230.txt;43,65062713623047;2609,971523284912;
/home/tiago/Repositorios/Github/SistemasLineares/Instancias/240.txt;49,204111099243164;3007,7178478240967;
/home/tiago/Repositorios/Github/SistemasLineares/Instancias/250.txt;49,68547821044922;3340,681314468384;
/home/tiago/Repositorios/Github/SistemasLineares/Instancias/260.txt;63,14277648925781;3781,764030456543;
/home/tiago/Repositorios/Github/SistemasLineares/Instancias/270.txt;60,55808067321777;4270,012140274048;
/home/tiago/Repositorios/Github/SistemasLineares/Instancias/280.txt;65,87052345275879;4770,428419113159;
/home/tiago/Repositorios/Github/SistemasLineares/Instancias/290.txt;73,69804382324219;5325,598239898682;
/home/tiago/Repositorios/Github/SistemasLineares/Instancias/3.txt;0,7898807525634766;0,03218650817871094;
/home/tiago/Repositorios/Github/SistemasLineares/Instancias/300.txt;73,27389717102051;5897,638559341431;
/home/tiago/Repositorios/Github/SistemasLineares/Instancias/4.txt;0,8220672607421875;0,0476837158203125;
/home/tiago/Repositorios/Github/SistemasLineares/Instancias/5.txt;0,8122920989990234;0,06985664367675781;
/home/tiago/Repositorios/Github/SistemasLineares/Instancias/10.txt;0,9012222290039062;0,3204345703125;
/home/tiago/Repositorios/Github/SistemasLineares/Instancias/100.txt;10,285615921020508;224,33137893676758;
/home/tiago/Repositorios/Github/SistemasLineares/Instancias/110.txt;11,118173599243164;291,98694229125977;
/home/tiago/Repositorios/Github/SistemasLineares/Instancias/120.txt;12,741565704345703;386,07025146484375;
/home/tiago/Repositorios/Github/SistemasLineares/Instancias/130.txt;15,338897705078125;476,1064052581787;
/home/tiago/Repositorios/Github/SistemasLineares/Instancias/140.txt;17,07005500793457;591,4781093597412;
/home/tiago/Repositorios/Github/SistemasLineares/Instancias/15.txt;1,0561943054199219;0,9143352508544922;
/home/tiago/Repositorios/Github/SistemasLineares/Instancias/150.txt;22,244930267333984;741,8863773345947;
/home/tiago/Repositorios/Github/SistemasLineares/Instancias/160.txt;23,496150970458984;894,3376541137695;
/home/tiago/Repositorios/Github/SistemasLineares/Instancias/170.txt;28,49888801574707;1062,4091625213623;
/home/tiago/Repositorios/Github/SistemasLineares/Instancias/180.txt;28,240442276000977;1267,7769660949707;
/home/tiago/Repositorios/Github/SistemasLineares/Instancias/190.txt;30,75098991394043;1475,8691787719727;
/home/tiago/Repositorios/Github/SistemasLineares/Instancias/200.txt;33,6308479309082;1720,130205154419;
/home/tiago/Repositorios/Github/SistemasLineares/Instancias/210.txt;35,277366638183594;2001,3670921325684;
/home/tiago/Repositorios/Github/SistemasLineares/Instancias/220.txt;43,772220611572266;2281,6076278686523;
/home/tiago/Repositorios/Github/SistemasLineares/Instancias/230.txt;43,166160583496094;2606,924295425415;
/home/tiago/Repositorios/Github/SistemasLineares/Instancias/240.txt;47,037601470947266;2972,5332260131836;
/home/tiago/Repositorios/Github/SistemasLineares/Instancias/250.txt;59,07392501831055;3334,1574668884277;
/home/tiago/Repositorios/Github/SistemasLineares/Instancias/260.txt;55,35745620727539;3775,1307487487793;
/home/tiago/Repositorios/Github/SistemasLineares/Instancias/270.txt;59,8604679107666;4244,169473648071;
/home/tiago/Repositorios/Github/SistemasLineares/Instancias/280.txt;73,99654388427734;4788,393497467041;
/home/tiago/Repositorios/Github/SistemasLineares/Instancias/290.txt;69,36979293823242;5299,293518066406;
/home/tiago/Repositorios/Github/SistemasLineares/Instancias/3.txt;0,8244514465332031;0,03218650817871094;
/home/tiago/Repositorios/Github/SistemasLineares/Instancias/300.txt;71,80404663085938;5859,753847122192;
/home/tiago/Repositorios/Github/SistemasLineares/Instancias/4.txt;0,8177757263183594;0,04649162292480469;
/home/tiago/Repositorios/Github/SistemasLineares/Instancias/5.txt;0,8192062377929688;0,06723403930664062;
/home/tiago/Repositorios/Github/SistemasLineares/Instancias/10.txt;0,8831024169921875;0,32019615173339844;
/home/tiago/Repositorios/Github/SistemasLineares/Instancias/100.txt;8,987903594970703;220,60084342956543;
/home/tiago/Repositorios/Github/SistemasLineares/Instancias/110.txt;10,891914367675781;292,06395149230957;
/home/tiago/Repositorios/Github/SistemasLineares/Instancias/120.txt;13,068914413452148;390,4109001159668;
/home/tiago/Repositorios/Github/SistemasLineares/Instancias/130.txt;14,862775802612305;481,4190864562988;
/home/tiago/Repositorios/Github/SistemasLineares/Instancias/140.txt;16,938447952270508;595,2229499816895;
/home/tiago/Repositorios/Github/SistemasLineares/Instancias/15.txt;1,016378402709961;0,9074211120605469;
/home/tiago/Repositorios/Github/SistemasLineares/Instancias/150.txt;18,9359188079834;727,3850440979004;
/home/tiago/Repositorios/Github/SistemasLineares/Instancias/160.txt;21,93737030029297;983,5538864135742;
/home/tiago/Repositorios/Github/SistemasLineares/Instancias/170.txt;25,258779525756836;1060,920238494873;
/home/tiago/Repositorios/Github/SistemasLineares/Instancias/180.txt;27,350187301635742;1266,1211490631104;
/home/tiago/Repositorios/Github/SistemasLineares/Instancias/190.txt;38,15126419067383;1469,7940349578857;
/home/tiago/Repositorios/Github/SistemasLineares/Instancias/200.txt;33,445119857788086;1725,1570224761963;
/home/tiago/Repositorios/Github/SistemasLineares/Instancias/210.txt;36,47208213806152;2012,7027034759521;
/home/tiago/Repositorios/Github/SistemasLineares/Instancias/220.txt;44,321298599243164;2292,0310497283936;
/home/tiago/Repositorios/Github/SistemasLineares/Instancias/230.txt;43,86186599731445;2604,1603088378906;
/home/tiago/Repositorios/Github/SistemasLineares/Instancias/240.txt;46,96154594421387;2975,637435913086;
/home/tiago/Repositorios/Github/SistemasLineares/Instancias/250.txt;51,788330078125;3382,3812007904053;
/home/tiago/Repositorios/Github/SistemasLineares/Instancias/260.txt;54,901123046875;3843,0747985839844;
/home/tiago/Repositorios/Github/SistemasLineares/Instancias/270.txt;59,3714714050293;4232,586145401001;
/home/tiago/Repositorios/Github/SistemasLineares/Instancias/280.txt;66,09416007995605;5224,517822265625;
/home/tiago/Repositorios/Github/SistemasLineares/Instancias/290.txt;68,7713623046875;5259,258031845093;
/home/tiago/Repositorios/Github/SistemasLineares/Instancias/3.txt;0,7998943328857422;0,0324249267578125;
/home/tiago/Repositorios/Github/SistemasLineares/Instancias/300.txt;70,97434997558594;5871,631145477295;
/home/tiago/Repositorios/Github/SistemasLineares/Instancias/4.txt;0,8218288421630859;0,04601478576660156;
/home/tiago/Repositorios/Github/SistemasLineares/Instancias/5.txt;0,8220672607421875;0,06961822509765625;
/home/tiago/Repositorios/Github/SistemasLineares/Instancias/10.txt;0,8971691131591797;0,32138824462890625;
/home/tiago/Repositorios/Github/SistemasLineares/Instancias/100.txt;8,806943893432617;218,10579299926758;
/home/tiago/Repositorios/Github/SistemasLineares/Instancias/110.txt;11,094808578491211;291,0900115966797;
/home/tiago/Repositorios/Github/SistemasLineares/Instancias/120.txt;12,74561882019043;377,98309326171875;
/home/tiago/Repositorios/Github/SistemasLineares/Instancias/130.txt;17,315387725830078;483,46805572509766;
/home/tiago/Repositorios/Github/SistemasLineares/Instancias/140.txt;17,06218719482422;601,8273830413818;
/home/tiago/Repositorios/Github/SistemasLineares/Instancias/15.txt;1,027822494506836;0,9267330169677734;
/home/tiago/Repositorios/Github/SistemasLineares/Instancias/150.txt;19,559621810913086;754,5075416564941;
/home/tiago/Repositorios/Github/SistemasLineares/Instancias/160.txt;22,129297256469727;884,6659660339355;
/home/tiago/Repositorios/Github/SistemasLineares/Instancias/170.txt;33,7522029876709;1066,0429000854492;
/home/tiago/Repositorios/Github/SistemasLineares/Instancias/180.txt;27,81510353088379;1255,0837993621826;
/home/tiago/Repositorios/Github/SistemasLineares/Instancias/190.txt;35,81714630126953;1484,9853515625;
/home/tiago/Repositorios/Github/SistemasLineares/Instancias/200.txt;33,50353240966797;1744,9371814727783;
/home/tiago/Repositorios/Github/SistemasLineares/Instancias/210.txt;36,91864013671875;2009,423017501831;
/home/tiago/Repositorios/Github/SistemasLineares/Instancias/220.txt;40,36426544189453;2292,5384044647217;
/home/tiago/Repositorios/Github/SistemasLineares/Instancias/230.txt;42,98686981201172;2601,878881454468;
/home/tiago/Repositorios/Github/SistemasLineares/Instancias/240.txt;46,907663345336914;2973,90079498291;
/home/tiago/Repositorios/Github/SistemasLineares/Instancias/250.txt;50,48727989196777;3355,3640842437744;
/home/tiago/Repositorios/Github/SistemasLineares/Instancias/260.txt;54,62789535522461;3812,6752376556396;
/home/tiago/Repositorios/Github/SistemasLineares/Instancias/270.txt;59,98063087463379;4250,563383102417;
/home/tiago/Repositorios/Github/SistemasLineares/Instancias/280.txt;63,11845779418945;4728,2421588897705;
/home/tiago/Repositorios/Github/SistemasLineares/Instancias/290.txt;82,65542984008789;5311,44118309021;
/home/tiago/Repositorios/Github/SistemasLineares/Instancias/3.txt;0,7977485656738281;0,031232833862304688;
/home/tiago/Repositorios/Github/SistemasLineares/Instancias/300.txt;84,32936668395996;5874,049186706543;
/home/tiago/Repositorios/Github/SistemasLineares/Instancias/4.txt;0,8020401000976562;0,047206878662109375;
/home/tiago/Repositorios/Github/SistemasLineares/Instancias/5.txt;0,8094310760498047;0,06818771362304688;
/home/tiago/Repositorios/Github/SistemasLineares/Instancias/10.txt;0,8864402770996094;0,32210350036621094;
/home/tiago/Repositorios/Github/SistemasLineares/Instancias/100.txt;9,094476699829102;218,92404556274414;
/home/tiago/Repositorios/Github/SistemasLineares/Instancias/110.txt;11,317253112792969;288,0237102508545;
/home/tiago/Repositorios/Github/SistemasLineares/Instancias/120.txt;13,048887252807617;375,98538398742676;
/home/tiago/Repositorios/Github/SistemasLineares/Instancias/130.txt;14,68515396118164;484,18450355529785;
/home/tiago/Repositorios/Github/SistemasLineares/Instancias/140.txt;17,587661743164062;600,3797054290771;
/home/tiago/Repositorios/Github/SistemasLineares/Instancias/15.txt;1,0132789611816406;0,9150505065917969;
/home/tiago/Repositorios/Github/SistemasLineares/Instancias/150.txt;19,521713256835938;737,297534942627;
/home/tiago/Repositorios/Github/SistemasLineares/Instancias/160.txt;22,60565757751465;887,4125480651855;
/home/tiago/Repositorios/Github/SistemasLineares/Instancias/170.txt;25,18177032470703;1070,4729557037354;
/home/tiago/Repositorios/Github/SistemasLineares/Instancias/180.txt;27,07529067993164;1252,6047229766846;
/home/tiago/Repositorios/Github/SistemasLineares/Instancias/190.txt;36,82303428649902;1472,7890491485596;
/home/tiago/Repositorios/Github/SistemasLineares/Instancias/200.txt;34,281015396118164;1711,4431858062744;
/home/tiago/Repositorios/Github/SistemasLineares/Instancias/210.txt;37,45865821838379;1998,7192153930664;
/home/tiago/Repositorios/Github/SistemasLineares/Instancias/220.txt;38,90252113342285;2303,6928176879883;
/home/tiago/Repositorios/Github/SistemasLineares/Instancias/230.txt;54,407358169555664;2607,0971488952637;
/home/tiago/Repositorios/Github/SistemasLineares/Instancias/240.txt;46,7832088470459;2961,519479751587;
/home/tiago/Repositorios/Github/SistemasLineares/Instancias/250.txt;59,07917022705078;3356,8875789642334;
/home/tiago/Repositorios/Github/SistemasLineares/Instancias/260.txt;55,019378662109375;3806,795358657837;
/home/tiago/Repositorios/Github/SistemasLineares/Instancias/270.txt;59,07487869262695;4238,824367523193;
/home/tiago/Repositorios/Github/SistemasLineares/Instancias/280.txt;62,1335506439209;4751,80721282959;
/home/tiago/Repositorios/Github/SistemasLineares/Instancias/290.txt;67,77310371398926;5283,821105957031;
/home/tiago/Repositorios/Github/SistemasLineares/Instancias/3.txt;0,7944107055664062;0,030517578125;
/home/tiago/Repositorios/Github/SistemasLineares/Instancias/300.txt;74,9974250793457;5889,22905921936;
/home/tiago/Repositorios/Github/SistemasLineares/Instancias/4.txt;0,7956027984619141;0,07081031799316406;
/home/tiago/Repositorios/Github/SistemasLineares/Instancias/5.txt;0,8246898651123047;0,06747245788574219;
/home/tiago/Repositorios/Github/SistemasLineares/Instancias/10.txt;0,8871555328369141;0,31375885009765625;
/home/tiago/Repositorios/Github/SistemasLineares/Instancias/100.txt;9,982109069824219;226,6392707824707;
/home/tiago/Repositorios/Github/SistemasLineares/Instancias/110.txt;11,272192001342773;289,77203369140625;
/home/tiago/Repositorios/Github/SistemasLineares/Instancias/120.txt;12,886285781860352;381,12545013427734;
/home/tiago/Repositorios/Github/SistemasLineares/Instancias/130.txt;15,057086944580078;488,1441593170166;
/home/tiago/Repositorios/Github/SistemasLineares/Instancias/140.txt;19,506454467773438;598,6649990081787;
/home/tiago/Repositorios/Github/SistemasLineares/Instancias/15.txt;1,0006427764892578;0,9520053863525391;
/home/tiago/Repositorios/Github/SistemasLineares/Instancias/150.txt;19,962787628173828;744,4145679473877;
/home/tiago/Repositorios/Github/SistemasLineares/Instancias/160.txt;28,458356857299805;888,451099395752;
/home/tiago/Repositorios/Github/SistemasLineares/Instancias/170.txt;24,9483585357666;1068,347454071045;
/home/tiago/Repositorios/Github/SistemasLineares/Instancias/180.txt;26,938676834106445;1250,687837600708;
/home/tiago/Repositorios/Github/SistemasLineares/Instancias/190.txt;32,77158737182617;1473,2263088226318;
/home/tiago/Repositorios/Github/SistemasLineares/Instancias/200.txt;33,202409744262695;1726,0894775390625;
/home/tiago/Repositorios/Github/SistemasLineares/Instancias/210.txt;36,45133972167969;1985,7475757598877;
/home/tiago/Repositorios/Github/SistemasLineares/Instancias/220.txt;39,30926322937012;2275,643825531006;
/home/tiago/Repositorios/Github/SistemasLineares/Instancias/230.txt;43,3812141418457;2605,8619022369385;
/home/tiago/Repositorios/Github/SistemasLineares/Instancias/240.txt;46,52857780456543;2951,970100402832;
/home/tiago/Repositorios/Github/SistemasLineares/Instancias/250.txt;52,001953125;3353,268623352051;
/home/tiago/Repositorios/Github/SistemasLineares/Instancias/260.txt;55,8476448059082;3798,497200012207;
/home/tiago/Repositorios/Github/SistemasLineares/Instancias/270.txt;58,228492736816406;4233,716249465942;
/home/tiago/Repositorios/Github/SistemasLineares/Instancias/280.txt;63,40932846069336;4821,386098861694;
/home/tiago/Repositorios/Github/SistemasLineares/Instancias/290.txt;68,02058219909668;5293,185710906982;
/home/tiago/Repositorios/Github/SistemasLineares/Instancias/3.txt;0,888824462890625;0,0324249267578125;
/home/tiago/Repositorios/Github/SistemasLineares/Instancias/300.txt;79,85258102416992;5933,196544647217;
/home/tiago/Repositorios/Github/SistemasLineares/Instancias/4.txt;0,8070468902587891;0,045299530029296875;
/home/tiago/Repositorios/Github/SistemasLineares/Instancias/5.txt;0,8108615875244141;0,06961822509765625;
